author,image,name,rating,price
Skippie Domoney,http://dummyimage.com/126x206.png/dddddd/000000,Mermaids,4,$5.05
Charyl Darnbrough,http://dummyimage.com/172x246.jpg/dddddd/000000,"Classe Tous Risques (Big Risk, The)",5,$8.98
Adria Gaffon,http://dummyimage.com/246x191.bmp/5fa2dd/ffffff,La Planque,1,$18.91
Kala Filipovic,http://dummyimage.com/238x173.png/cc0000/ffffff,Lake City,4,$4.57
Ode Driffill,http://dummyimage.com/174x210.bmp/ff4444/ffffff,Deadline - U.S.A.,3,$1.32
Kate Birrel,http://dummyimage.com/102x128.bmp/5fa2dd/ffffff,Book of Love,1,$10.47
Martelle Arminger,http://dummyimage.com/177x132.bmp/ff4444/ffffff,Condition Red (Beyond the Law),5,$11.19
Danyelle Fowgies,http://dummyimage.com/106x144.png/dddddd/000000,Digimon: The Movie,4,$11.21
Alyson Briiginshaw,http://dummyimage.com/103x222.jpg/5fa2dd/ffffff,Outside the Law (Hors-la-loi),1,$3.56
Perla Rosenwasser,http://dummyimage.com/201x204.png/ff4444/ffffff,"Green Slime, The",5,$2.47
Lotte Vicent,http://dummyimage.com/239x149.bmp/ff4444/ffffff,"Rover, The",1,$10.78
Bernice Kops,http://dummyimage.com/233x197.jpg/ff4444/ffffff,Fitzcarraldo,1,$2.07
Cicely Canaan,http://dummyimage.com/189x125.jpg/cc0000/ffffff,Steal a Pencil for Me,1,$3.59
Jeana Andreazzi,http://dummyimage.com/201x122.bmp/5fa2dd/ffffff,Kwaidan (Kaidan),3,$9.24
Phelia Nan Carrow,http://dummyimage.com/124x174.png/ff4444/ffffff,"Horrible Way to Die, A ",4,$2.80
Martyn Giannassi,http://dummyimage.com/108x150.bmp/5fa2dd/ffffff,En rachâchant,4,$16.89
Kirbie McAvey,http://dummyimage.com/122x222.bmp/5fa2dd/ffffff,Rånarna,4,$1.91
Christan Linfoot,http://dummyimage.com/152x107.jpg/cc0000/ffffff,Gervaise,5,$7.76
Benson Aaron,http://dummyimage.com/168x134.png/ff4444/ffffff,Prime Suspect 3,5,$6.14
Betteanne Jenik,http://dummyimage.com/230x232.bmp/dddddd/000000,Murder on Monday,5,$8.10
Ellis Ewings,http://dummyimage.com/158x130.bmp/dddddd/000000,"Opportunists, The",3,$19.29
Giralda Sommerton,http://dummyimage.com/236x135.bmp/ff4444/ffffff,"Christmas Carol, A",4,$19.38
Julie Silverlock,http://dummyimage.com/190x118.jpg/cc0000/ffffff,Force of Evil,5,$0.94
Vernen Cullin,http://dummyimage.com/193x214.png/5fa2dd/ffffff,Appaloosa,3,$10.50
Randene Strangeway,http://dummyimage.com/194x210.jpg/cc0000/ffffff,"Falls, The",1,$19.07
Susette Bursnell,http://dummyimage.com/151x140.bmp/ff4444/ffffff,"Single Girl, A (Fille seule, La)",3,$0.77
Duffie Halsworth,http://dummyimage.com/154x113.bmp/ff4444/ffffff,Yamla Pagla Deewana 2,3,$14.01
Erina Thacker,http://dummyimage.com/115x179.png/cc0000/ffffff,Clockwatchers,4,$19.69
Ilene Pressey,http://dummyimage.com/213x187.png/dddddd/000000,Attack on Leningrad,5,$19.37
Natty Bestar,http://dummyimage.com/222x205.jpg/5fa2dd/ffffff,Missile to the Moon,2,$8.94
Janel Hentzeler,http://dummyimage.com/133x149.bmp/5fa2dd/ffffff,Lady and the Tramp II: Scamp's Adventure,4,$4.93
Franny Newburn,http://dummyimage.com/162x192.bmp/dddddd/000000,Starsky & Hutch,1,$19.03
Suzanna Petrus,http://dummyimage.com/120x149.jpg/5fa2dd/ffffff,Remington and the Curse of the Zombadings,1,$9.46
Roseline Jurczik,http://dummyimage.com/222x164.png/ff4444/ffffff,Insignificance,2,$13.78
Jeannie O'Corr,http://dummyimage.com/106x139.png/dddddd/000000,Real Women Have Curves,5,$16.59
Richart Bannard,http://dummyimage.com/172x142.jpg/5fa2dd/ffffff,Gambling City,3,$4.31
Gladi Hemstead,http://dummyimage.com/154x196.bmp/dddddd/000000,"Trial of the Incredible Hulk, The",2,$7.74
Derril Toolin,http://dummyimage.com/235x102.bmp/dddddd/000000,Alien Nation: Millennium,2,$14.24
Devora Lodin,http://dummyimage.com/116x170.jpg/5fa2dd/ffffff,Tess,5,$7.82
Lilian Le Ball,http://dummyimage.com/167x143.png/dddddd/000000,Open Season 3,2,$0.60
Angy Le Count,http://dummyimage.com/123x172.bmp/cc0000/ffffff,Gloria,1,$16.21
Ninette Fossett,http://dummyimage.com/199x162.jpg/dddddd/000000,"Year One, The (L'an 01)",5,$18.94
Rebekkah Davy,http://dummyimage.com/156x186.png/5fa2dd/ffffff,Snow Falling on Cedars,2,$15.10
Trumaine Denning,http://dummyimage.com/207x211.jpg/5fa2dd/ffffff,Where Are the Dreams of Youth? (Seishun no yume imaizuko),1,$9.04
Lennie Hughf,http://dummyimage.com/208x170.bmp/ff4444/ffffff,My Lucky Stars (Fuk sing go jiu),1,$16.13
Kimbra Engelbrecht,http://dummyimage.com/149x150.jpg/dddddd/000000,Next Stop Wonderland,3,$14.23
Jarret Celle,http://dummyimage.com/176x161.bmp/cc0000/ffffff,Fort Bliss,3,$7.91
Linc Sim,http://dummyimage.com/242x120.png/cc0000/ffffff,Alila,5,$4.21
Delora Sparshutt,http://dummyimage.com/229x171.bmp/cc0000/ffffff,Thirteen Women,5,$11.27
Lambert Borley,http://dummyimage.com/141x223.png/5fa2dd/ffffff,"Good Morning, Miss Dove",2,$13.27
Giffy Folshom,http://dummyimage.com/206x247.jpg/5fa2dd/ffffff,"Edge of Love, The",2,$9.11
Chelsey Peris,http://dummyimage.com/176x163.jpg/ff4444/ffffff,Monster-in-Law,1,$4.47
Polly Blackadder,http://dummyimage.com/163x206.bmp/5fa2dd/ffffff,Madadayo (a.k.a. Not Yet),5,$11.83
Bertie Ive,http://dummyimage.com/215x141.bmp/dddddd/000000,"Woman Rebels, A (Portrait of a Rebel)",3,$3.16
Sigrid Colley,http://dummyimage.com/157x220.png/5fa2dd/ffffff,Snatch,5,$6.75
Fernanda Eslinger,http://dummyimage.com/240x186.bmp/dddddd/000000,Man of the Year,4,$12.04
Morgun Moreby,http://dummyimage.com/244x120.bmp/ff4444/ffffff,Black Rain (Kuroi ame),2,$2.64
Nanny Emmins,http://dummyimage.com/140x110.bmp/cc0000/ffffff,Red Sands,4,$15.57
Julie Wheadon,http://dummyimage.com/209x107.png/ff4444/ffffff,"Mikado, The",5,$2.36
Morty Pull,http://dummyimage.com/151x191.png/ff4444/ffffff,Blood for Dracula (Andy Warhol's Dracula),5,$6.05
Karee Maxwaile,http://dummyimage.com/170x214.jpg/dddddd/000000,48 Hrs.,3,$10.87
Correna Petrazzi,http://dummyimage.com/115x216.bmp/ff4444/ffffff,Sinbad: Legend of the Seven Seas,5,$10.96
Arlie Goddert.sf,http://dummyimage.com/160x202.png/cc0000/ffffff,"Hitcher, The",5,$12.59
Clementine Spurnier,http://dummyimage.com/213x120.jpg/dddddd/000000,Never Cry Wolf,4,$3.89
Seline Giorgione,http://dummyimage.com/187x148.png/5fa2dd/ffffff,Riptide,2,$3.29
Leola Devenport,http://dummyimage.com/181x140.png/5fa2dd/ffffff,Vivien Leigh: Scarlett and Beyond,1,$11.65
Linc Worlock,http://dummyimage.com/148x227.jpg/5fa2dd/ffffff,Attack of the 50ft Cheerleader,3,$15.16
Smith Cutts,http://dummyimage.com/151x180.png/5fa2dd/ffffff,Old Men in New Cars (Gamle mænd i nye biler),3,$6.48
Bethina Broodes,http://dummyimage.com/186x248.bmp/dddddd/000000,Where Are My Children?,2,$7.52
Tammara Perkin,http://dummyimage.com/166x107.bmp/5fa2dd/ffffff,"Longshots, The",5,$10.58
Archaimbaud Djakovic,http://dummyimage.com/168x189.jpg/5fa2dd/ffffff,"Sisterhood of the Traveling Pants 2, The",3,$18.86
Brenna McCluney,http://dummyimage.com/245x204.png/dddddd/000000,Total Recall,3,$6.04
Maurice Lorinez,http://dummyimage.com/162x117.bmp/5fa2dd/ffffff,Heartburn,2,$8.27
Toni Feldhuhn,http://dummyimage.com/217x212.bmp/cc0000/ffffff,"Lords of Flatbush, The",2,$14.98
Randolf Spragg,http://dummyimage.com/242x190.bmp/dddddd/000000,On Moonlight Bay,3,$7.14
Lilly Ouver,http://dummyimage.com/223x130.jpg/cc0000/ffffff,Dragon Hunter,2,$9.01
Mallorie Rotge,http://dummyimage.com/114x176.jpg/ff4444/ffffff,Murder in the First,1,$17.61
Vonny Bonhan,http://dummyimage.com/214x113.bmp/5fa2dd/ffffff,"Secret Six, The",3,$10.45
Gustaf Roubottom,http://dummyimage.com/127x170.jpg/dddddd/000000,Cuba,2,$4.17
Nataline Frosdick,http://dummyimage.com/107x212.png/cc0000/ffffff,Love Happens,3,$18.93
Avivah Whittuck,http://dummyimage.com/176x215.jpg/ff4444/ffffff,Deliver Us from Evil,2,$12.88
Kristien Cornu,http://dummyimage.com/250x140.png/cc0000/ffffff,At First Sight (Entre Nous) (Coup de foudre),4,$7.19
Sela Valens-Smith,http://dummyimage.com/201x220.bmp/dddddd/000000,Poltergeist,3,$17.11
Delano Ramelet,http://dummyimage.com/238x158.png/dddddd/000000,Fetishes,1,$7.97
Osmund Kruschev,http://dummyimage.com/164x193.bmp/5fa2dd/ffffff,Letter from an Unknown Woman,2,$3.91
Keir Hargraves,http://dummyimage.com/243x163.bmp/5fa2dd/ffffff,Black Gold,1,$13.89
Barde House,http://dummyimage.com/234x236.bmp/cc0000/ffffff,Eight Deadly Shots (Kahdeksan surmanluotia),3,$4.00
Marquita Pescott,http://dummyimage.com/168x126.jpg/ff4444/ffffff,Cashback,3,$18.22
Monique Leipelt,http://dummyimage.com/245x223.bmp/ff4444/ffffff,Kept Husbands,4,$16.96
Osmond Pibsworth,http://dummyimage.com/138x241.bmp/5fa2dd/ffffff,Detachment,3,$18.17
Anderson Normanville,http://dummyimage.com/139x132.jpg/dddddd/000000,Reeker,1,$5.66
Ingeborg Angelo,http://dummyimage.com/153x227.png/5fa2dd/ffffff,John Mulaney: New In Town,2,$10.21
Annadiana Gilliard,http://dummyimage.com/197x245.bmp/5fa2dd/ffffff,"Sin of Madelon Claudet, The",1,$16.51
Sterling Scala,http://dummyimage.com/104x211.bmp/cc0000/ffffff,Heart of America,1,$14.35
Marrilee Tawton,http://dummyimage.com/207x208.png/5fa2dd/ffffff,My Best Fiend (Mein liebster Feind),5,$0.91
Peter Gumley,http://dummyimage.com/227x226.jpg/ff4444/ffffff,Good Neighbours (a.k.a. Good Neighbors),3,$2.71
Arabella Bulbeck,http://dummyimage.com/187x119.bmp/ff4444/ffffff,What Women Want,3,$0.95
Ferdinand Anfrey,http://dummyimage.com/126x245.bmp/5fa2dd/ffffff,Tooth & Nail,5,$6.61
Starlin Brookbank,http://dummyimage.com/161x246.png/cc0000/ffffff,"Most Dangerous Man in America: Daniel Ellsberg and the Pentagon Papers, The",2,$6.64
Lanette Parkhouse,http://dummyimage.com/220x212.bmp/cc0000/ffffff,O,2,$17.76
Justinian Hardwidge,http://dummyimage.com/235x243.bmp/5fa2dd/ffffff,Spring is Here,5,$13.51
Donaugh Baudou,http://dummyimage.com/115x177.png/dddddd/000000,Juan of the Dead (Juan de los Muertos),2,$18.69
Charlena Oldacre,http://dummyimage.com/171x131.bmp/ff4444/ffffff,So Much So Fast,1,$2.33
Enos Huton,http://dummyimage.com/145x133.png/cc0000/ffffff,Three Guys Named Mike,4,$13.25
Brod Godleman,http://dummyimage.com/243x170.jpg/dddddd/000000,"French Connection, The",1,$0.32
Gregor Stirzaker,http://dummyimage.com/183x164.bmp/cc0000/ffffff,"Tarzan, the Ape Man",4,$17.35
Bond Killingsworth,http://dummyimage.com/133x245.jpg/dddddd/000000,Catch-22,1,$4.24
Cheslie Dallosso,http://dummyimage.com/174x176.jpg/cc0000/ffffff,What No One Knows (Det som ingen ved),1,$6.01
Ezra Gerrard,http://dummyimage.com/166x115.png/cc0000/ffffff,Idiocracy,1,$11.38
Rossie Fulks,http://dummyimage.com/137x179.bmp/ff4444/ffffff,3 Extremes (Three... Extremes) (Saam gaang yi),3,$16.02
Charlean Pauley,http://dummyimage.com/123x123.bmp/ff4444/ffffff,Free Money,4,$10.42
Gaby Paaso,http://dummyimage.com/166x104.jpg/5fa2dd/ffffff,"House I Live In, The",1,$4.49
Dallas Turfus,http://dummyimage.com/105x230.bmp/5fa2dd/ffffff,Sound and Fury,3,$0.54
Marga Mustoe,http://dummyimage.com/158x178.jpg/dddddd/000000,All About Lily Chou-Chou (Riri Shushu no subete),3,$19.91
Dagmar Westraw,http://dummyimage.com/143x122.jpg/dddddd/000000,Squirm,3,$15.61
Mason Caurah,http://dummyimage.com/175x171.bmp/dddddd/000000,"Letter, The (La lettre)",2,$11.85
Delmore Cawood,http://dummyimage.com/216x157.bmp/dddddd/000000,"Emperor Waltz, The",4,$15.94
Sashenka Trimming,http://dummyimage.com/208x108.png/5fa2dd/ffffff,Black Widow,4,$3.65
Peggi Fleischer,http://dummyimage.com/154x194.png/cc0000/ffffff,For Your Consideration,3,$17.64
Jobye Lionel,http://dummyimage.com/104x119.jpg/cc0000/ffffff,Preaching to the Perverted,2,$0.38
Erika Boath,http://dummyimage.com/118x193.png/dddddd/000000,"Agronomist, The",5,$0.11
Anabal Staniforth,http://dummyimage.com/235x143.bmp/5fa2dd/ffffff,Seinto Seiya: Legend of Sanctuary (Seinto Seiya: Legend of Sanctuary),2,$18.92
Fabiano Bart,http://dummyimage.com/125x213.png/5fa2dd/ffffff,"Darjeeling Limited, The",5,$4.17
Bennie MacGowan,http://dummyimage.com/207x239.bmp/ff4444/ffffff,The Princess of Egypt,3,$2.48
Cyndy Kubanek,http://dummyimage.com/115x176.bmp/ff4444/ffffff,Blazing Guns,5,$19.78
Orion Shepland,http://dummyimage.com/181x214.jpg/dddddd/000000,"Two Mrs. Carrolls, The",2,$5.63
Kordula Monnoyer,http://dummyimage.com/126x198.png/ff4444/ffffff,"Doorway to Hell, The",4,$7.16
Wilmette Geaney,http://dummyimage.com/241x154.bmp/5fa2dd/ffffff,Empire of Silver (Bai yin di guo),5,$8.34
Storm Tatnell,http://dummyimage.com/185x110.jpg/dddddd/000000,Becky Sharp,4,$11.64
Zonda McCrone,http://dummyimage.com/208x209.bmp/5fa2dd/ffffff,Digging to China,5,$3.03
Osmond Gedney,http://dummyimage.com/181x241.png/cc0000/ffffff,"Beast Within, The",4,$19.67
Libby Catchpole,http://dummyimage.com/199x126.bmp/5fa2dd/ffffff,"Wild Grass (Herbes folles, Les)",3,$17.41
Kellie Vigietti,http://dummyimage.com/157x197.jpg/5fa2dd/ffffff,Penthouse North,4,$15.96
Caddric Redsell,http://dummyimage.com/124x163.png/5fa2dd/ffffff,Changing Lanes,1,$0.58
Doreen Creffeild,http://dummyimage.com/209x208.bmp/5fa2dd/ffffff,Jolene,4,$12.50
Inna Seabourne,http://dummyimage.com/165x153.png/5fa2dd/ffffff,Archangel,2,$1.78
Katti Jorio,http://dummyimage.com/133x121.jpg/cc0000/ffffff,"'Human' Factor, The (Human Factor, The)",3,$6.00
Gerome Davidovsky,http://dummyimage.com/245x117.bmp/ff4444/ffffff,Primal,5,$4.66
Thurston Skain,http://dummyimage.com/241x187.jpg/dddddd/000000,Jurassic Park III,1,$10.73
Ethelred Pallaske,http://dummyimage.com/220x180.jpg/ff4444/ffffff,Mary Shelley's Frankenstein (Frankenstein),4,$3.28
Nicoli Klimaszewski,http://dummyimage.com/228x119.jpg/dddddd/000000,"Computer Wore Tennis Shoes, The",5,$4.06
Rosalie Turrell,http://dummyimage.com/246x139.png/cc0000/ffffff,Primrose Path,3,$10.15
Peg Ricker,http://dummyimage.com/135x247.bmp/ff4444/ffffff,Battle of the Bulge,1,$19.95
Allen Blagbrough,http://dummyimage.com/168x246.png/dddddd/000000,"Getaway, The",1,$11.24
Jermaine Loughman,http://dummyimage.com/218x153.jpg/ff4444/ffffff,Creepshow,1,$1.42
Ellerey Ecclestone,http://dummyimage.com/248x234.bmp/5fa2dd/ffffff,Captain EO,3,$7.23
Gabbie O'Corrane,http://dummyimage.com/237x180.bmp/ff4444/ffffff,Ivan Vasilievich: Back to the Future (Ivan Vasilievich menyaet professiyu),3,$1.41
Andie Haseldine,http://dummyimage.com/137x162.bmp/ff4444/ffffff,Peggy Sue Got Married,1,$17.88
Karylin Girdwood,http://dummyimage.com/174x184.bmp/ff4444/ffffff,Never Weaken,1,$5.12
Jard Oman,http://dummyimage.com/207x246.bmp/dddddd/000000,Grave Secrets (Silent Screams),4,$16.12
Eleanore Baldree,http://dummyimage.com/197x109.jpg/5fa2dd/ffffff,Hud,3,$18.98
Barnaby Mowatt,http://dummyimage.com/185x236.jpg/cc0000/ffffff,L'homme qui rit,3,$3.83
Dieter Kording,http://dummyimage.com/123x216.jpg/dddddd/000000,My Way to Olympia (Mein Weg nach Olympia),3,$19.58
Vitia Vashchenko,http://dummyimage.com/100x197.jpg/ff4444/ffffff,Simon Birch,3,$7.88
Cammi Sushams,http://dummyimage.com/107x169.jpg/dddddd/000000,"Dossier 51 (Dossier 51, Le)",5,$15.33
Amii Nott,http://dummyimage.com/201x243.png/5fa2dd/ffffff,Penn & Teller Get Killed,1,$12.39
Seward Haycock,http://dummyimage.com/213x223.bmp/cc0000/ffffff,Delusions of Grandeur (La folie des grandeurs),5,$19.71
Lindi Najara,http://dummyimage.com/175x128.jpg/cc0000/ffffff,"Jour se lève, Le (Daybreak)",1,$18.22
Susanna Kitchaside,http://dummyimage.com/161x105.png/ff4444/ffffff,Exotica,4,$1.82
Saba Leacock,http://dummyimage.com/238x168.jpg/cc0000/ffffff,Viva Cuba,2,$16.36
Clywd Brydon,http://dummyimage.com/199x104.png/dddddd/000000,My Favorite Year,3,$7.80
Rockey Retchless,http://dummyimage.com/168x136.png/5fa2dd/ffffff,George Harrison: Living in the Material World,5,$3.56
Justinian Flindall,http://dummyimage.com/166x230.png/cc0000/ffffff,Industrial Symphony No. 1: The Dream of the Brokenhearted,2,$1.34
Tomasine Tumulty,http://dummyimage.com/198x236.png/cc0000/ffffff,First Squad: The Moment of Truth,1,$1.29
Fayre Ferris,http://dummyimage.com/141x121.png/cc0000/ffffff,Shogun Assassin,3,$10.96
Deeann Echalie,http://dummyimage.com/224x173.jpg/dddddd/000000,The Violent Enemy,4,$15.59
Kalie Baudry,http://dummyimage.com/179x115.bmp/5fa2dd/ffffff,Is the Man Who Is Tall Happy?,3,$0.64
Klara Giraudat,http://dummyimage.com/105x127.bmp/cc0000/ffffff,Tale of the Mummy,1,$7.98
Edi Berceros,http://dummyimage.com/165x160.bmp/ff4444/ffffff,Tali-Ihantala 1944,5,$10.76
Nealon Langdale,http://dummyimage.com/149x237.png/cc0000/ffffff,Ultrasuede: In Search of Halston,5,$4.37
Dorey Tue,http://dummyimage.com/198x154.bmp/5fa2dd/ffffff,Notorious,4,$10.96
Ivette Mark,http://dummyimage.com/243x179.jpg/dddddd/000000,Generation War,2,$12.41
Brittan Coalburn,http://dummyimage.com/160x234.bmp/dddddd/000000,Loves of a Blonde (Lásky jedné plavovlásky),3,$11.91
Pasquale Sturmey,http://dummyimage.com/137x151.bmp/5fa2dd/ffffff,Cell Count,4,$17.90
Judah Greenly,http://dummyimage.com/220x191.bmp/5fa2dd/ffffff,"Wedding Planner, The",3,$9.21
Boote Elizabeth,http://dummyimage.com/129x205.bmp/cc0000/ffffff,Under Suspicion,4,$8.76
Nerta Goodbarne,http://dummyimage.com/199x122.bmp/ff4444/ffffff,The Boss,3,$1.84
Kendell Serjeantson,http://dummyimage.com/227x179.bmp/dddddd/000000,"Stone Left Unturned, A (Kovat miehet)",1,$19.78
Libbie Gawith,http://dummyimage.com/145x127.png/ff4444/ffffff,Drums Along the Mohawk,2,$14.52
Catharina Nicholas,http://dummyimage.com/137x185.jpg/5fa2dd/ffffff,Virtual JFK: Vietnam If Kennedy Had Lived,1,$19.22
Benedetto Hawarden,http://dummyimage.com/115x138.jpg/dddddd/000000,Drop Zone,1,$13.20
Jaquenetta Burress,http://dummyimage.com/218x140.png/dddddd/000000,Kiss Me Kate,3,$14.43
Pavia Tonks,http://dummyimage.com/182x104.bmp/cc0000/ffffff,Podwórka,1,$11.25
Cherilynn Cutress,http://dummyimage.com/190x159.bmp/ff4444/ffffff,One Spy Too Many,4,$8.16
Fulton Sexcey,http://dummyimage.com/216x170.png/ff4444/ffffff,Time Limit,4,$7.35
Dorris Moulton,http://dummyimage.com/249x137.png/dddddd/000000,Detour ,3,$0.17
Zorana Fairn,http://dummyimage.com/194x205.png/cc0000/ffffff,Perez.,4,$13.69
Fanchette Zanetti,http://dummyimage.com/131x236.jpg/cc0000/ffffff,Wattstax,5,$12.13
Monte Zoanetti,http://dummyimage.com/250x110.png/cc0000/ffffff,I Love Sarah Jane,5,$12.86
Joey Broome,http://dummyimage.com/169x117.png/5fa2dd/ffffff,"Not Love, Just Frenzy (Más que amor, frenesí)",2,$19.58
Moss Grzesiewicz,http://dummyimage.com/246x155.png/cc0000/ffffff,Captivity,1,$14.78
Ives Cordeix,http://dummyimage.com/139x214.png/ff4444/ffffff,Puddle Cruiser,3,$2.36
Jonell Goodbarne,http://dummyimage.com/206x184.bmp/dddddd/000000,Two: The Story of Roman & Nyro,4,$16.19
Jacinta Gordon,http://dummyimage.com/106x186.bmp/cc0000/ffffff,"Signal, The (Señal, La)",5,$6.89
Angie Fillis,http://dummyimage.com/171x209.jpg/cc0000/ffffff,Penthouse North,4,$18.84
Oberon Pechan,http://dummyimage.com/129x248.jpg/ff4444/ffffff,Vengeance (Fuk sau),5,$9.92
Wes Candy,http://dummyimage.com/170x209.bmp/5fa2dd/ffffff,"Golden Child, The",5,$0.02
Rex Mosby,http://dummyimage.com/201x180.jpg/ff4444/ffffff,Vamp,2,$7.30
Karry Ashborn,http://dummyimage.com/151x248.jpg/cc0000/ffffff,Without Lying Down: Frances Marion and the Power of Women in Hollywood,3,$11.62
Tedman Forsyth,http://dummyimage.com/138x224.jpg/ff4444/ffffff,I Will Follow You Into the Dark,3,$5.14
Twyla Andreoletti,http://dummyimage.com/174x147.png/dddddd/000000,Children of Invention,5,$3.63
Trixie Janku,http://dummyimage.com/156x196.jpg/5fa2dd/ffffff,Boogie Woogie,5,$1.74
Alicea Peacock,http://dummyimage.com/131x103.jpg/5fa2dd/ffffff,Undercover Brother,3,$19.75
Amos Kendle,http://dummyimage.com/239x217.png/ff4444/ffffff,"Prisoner of Zenda, The",5,$2.18
Dominga Baldini,http://dummyimage.com/236x105.png/5fa2dd/ffffff,Shotgun Stories,3,$13.42
Ondrea Balam,http://dummyimage.com/242x127.png/5fa2dd/ffffff,Kissed by Winter (Vinterkyss),1,$4.63
Gisela Le Houx,http://dummyimage.com/168x117.jpg/ff4444/ffffff,Farscape: The Peacekeeper Wars,4,$1.41
Benji Twaite,http://dummyimage.com/235x154.bmp/cc0000/ffffff,Catacombs,3,$0.79
Foss Dinning,http://dummyimage.com/231x170.bmp/cc0000/ffffff,"Farmer's Wife, The",5,$19.64
Maxy Cawson,http://dummyimage.com/241x126.jpg/5fa2dd/ffffff,World War II: When Lions Roared,5,$18.55
Allx d' Elboux,http://dummyimage.com/205x211.png/dddddd/000000,Love Jones,1,$10.03
Linette Starzaker,http://dummyimage.com/180x128.bmp/ff4444/ffffff,Afghan Star,5,$8.77
Rory Kayne,http://dummyimage.com/125x158.png/cc0000/ffffff,Undefeatable,4,$15.43
Alvira Tissiman,http://dummyimage.com/148x184.bmp/cc0000/ffffff,"Hole, The",3,$8.27
Vasily Bendson,http://dummyimage.com/214x100.png/dddddd/000000,"Woman's Face, A (En kvinnas ansikte) ",5,$1.24
Alic Tasker,http://dummyimage.com/227x137.bmp/dddddd/000000,1900 (Novecento),1,$18.83
Billye McCowen,http://dummyimage.com/217x105.bmp/dddddd/000000,"Pervert's Guide to Ideology, The",3,$6.54
Keene Slayton,http://dummyimage.com/228x167.bmp/cc0000/ffffff,Wanted: Dead or Alive,4,$2.56
Leone Clemes,http://dummyimage.com/204x239.png/dddddd/000000,Tom at the Farm (Tom à la ferme),5,$16.12
Laural Rodda,http://dummyimage.com/224x127.bmp/dddddd/000000,Ride the Divide,4,$17.93
Gustavo Schoales,http://dummyimage.com/223x172.png/ff4444/ffffff,"Room with a View, A",5,$0.85
Honoria Haukey,http://dummyimage.com/188x153.bmp/5fa2dd/ffffff,"Imposter, The",5,$1.14
Rachel Dulany,http://dummyimage.com/223x141.png/dddddd/000000,Pajeczarki,4,$1.21
Dalis Benezet,http://dummyimage.com/135x204.jpg/dddddd/000000,Hercules and the Amazon Women,3,$12.66
Eamon Jacquemot,http://dummyimage.com/195x100.bmp/cc0000/ffffff,Kaleidoscope,5,$7.10
Burnaby Reeday,http://dummyimage.com/138x110.jpg/ff4444/ffffff,Quest for a Heart (Röllin sydän),5,$8.52
Xever Carlin,http://dummyimage.com/118x250.jpg/dddddd/000000,"Brotherhood, The",2,$19.83
Robinetta Bortol,http://dummyimage.com/134x112.png/ff4444/ffffff,The Evictors,3,$16.50
Ange Phibb,http://dummyimage.com/101x175.bmp/dddddd/000000,Love and Other Disasters,4,$17.49
Gracia Alfwy,http://dummyimage.com/110x161.jpg/5fa2dd/ffffff,Three Colors: White (Trzy kolory: Bialy),2,$3.47
Odilia Bartoszewski,http://dummyimage.com/217x107.png/ff4444/ffffff,Tall in the Saddle,1,$4.51
Aidan McKinless,http://dummyimage.com/133x123.png/cc0000/ffffff,"Amanece, que no es poco",3,$10.71
Sheff Le Floch,http://dummyimage.com/154x122.bmp/ff4444/ffffff,Control,5,$19.33
Albrecht Cringle,http://dummyimage.com/238x112.png/ff4444/ffffff,Let Fury Have the Hour,1,$12.61
Talyah Clewley,http://dummyimage.com/216x176.jpg/ff4444/ffffff,Mercy ,3,$16.11
Piggy Stannion,http://dummyimage.com/217x237.png/cc0000/ffffff,Home Before Dark,5,$2.14
Kerrin Reams,http://dummyimage.com/207x190.jpg/5fa2dd/ffffff,"Good Thief, The",4,$11.22
Rosemarie Druhan,http://dummyimage.com/246x112.jpg/dddddd/000000,Darling,3,$12.76
Verna Denisovich,http://dummyimage.com/114x109.jpg/ff4444/ffffff,Blood & Donuts,4,$14.05
Harmony Harrowing,http://dummyimage.com/208x243.png/dddddd/000000,"Ballad of Cable Hogue, The",2,$0.19
Rubina Revens,http://dummyimage.com/228x190.bmp/dddddd/000000,Born Wild,1,$18.93
Kaylee Sigge,http://dummyimage.com/205x194.jpg/cc0000/ffffff,Earth vs. the Spider,3,$14.08
Horst Yepiskov,http://dummyimage.com/219x198.png/dddddd/000000,"Rules of the Game, The (La règle du jeu)",4,$1.34
Pandora Byrde,http://dummyimage.com/115x185.png/cc0000/ffffff,On Golden Pond,3,$2.88
Geneva McCullouch,http://dummyimage.com/145x110.png/dddddd/000000,Passed Away,4,$12.62
Doretta Blaylock,http://dummyimage.com/126x135.png/cc0000/ffffff,State Fair,5,$6.01
Ingrim Cumbers,http://dummyimage.com/236x238.bmp/5fa2dd/ffffff,Just Like Me (Igualita a Mi),3,$19.80
Deane Kiddell,http://dummyimage.com/134x150.bmp/ff4444/ffffff,Ong-Bak 2: The Beginning (Ong Bak 2),2,$19.38
Ollie Stitfall,http://dummyimage.com/123x133.bmp/cc0000/ffffff,Murder She Said,2,$14.52
Garik Gair,http://dummyimage.com/143x185.jpg/5fa2dd/ffffff,Lonesome,3,$7.74
Harriet Cotty,http://dummyimage.com/193x225.png/ff4444/ffffff,Gilda,2,$17.93
Jojo Mehaffey,http://dummyimage.com/170x208.png/5fa2dd/ffffff,Fortress,5,$4.37
Foss Youtead,http://dummyimage.com/236x101.bmp/cc0000/ffffff,Bang Boom Bang - Ein todsicheres Ding,3,$6.73
Shellie Heathcote,http://dummyimage.com/117x137.png/cc0000/ffffff,Babylon 5: In the Beginning,4,$12.16
Killie Bagg,http://dummyimage.com/192x184.png/5fa2dd/ffffff,Bluebeard,2,$13.61
Roderigo Morrieson,http://dummyimage.com/110x176.jpg/5fa2dd/ffffff,Time to Kill (Tempo di uccidere),4,$4.47
Nadeen Von Brook,http://dummyimage.com/167x159.bmp/cc0000/ffffff,"Atlantis, the Lost Continent",4,$2.82
Kissie Truckett,http://dummyimage.com/125x110.png/dddddd/000000,Brass Target,1,$5.40
Rockey Rising,http://dummyimage.com/101x123.png/dddddd/000000,Fail Safe,5,$5.12
Francine Batterham,http://dummyimage.com/146x234.png/dddddd/000000,Vääpeli Körmy ja kahtesti laukeava,4,$4.15
Wynny Ousley,http://dummyimage.com/186x223.png/dddddd/000000,Come Back to Me,2,$17.28
Shalom La Croce,http://dummyimage.com/202x175.jpg/ff4444/ffffff,"Silence Before Bach, The (Die Stille vor Bach) ",4,$19.31
Cissy Dumphrey,http://dummyimage.com/174x215.png/cc0000/ffffff,Ainoat Oikeat,4,$18.12
Roger Cochern,http://dummyimage.com/118x218.jpg/dddddd/000000,No Turning Back,2,$10.36
Timoteo Hanrahan,http://dummyimage.com/144x217.jpg/dddddd/000000,Lovelace,2,$12.57
Doreen O'Lunny,http://dummyimage.com/229x244.png/ff4444/ffffff,Brainstorm (Bicho de Sete Cabeças),2,$19.80
Kellby Mallindine,http://dummyimage.com/204x235.bmp/cc0000/ffffff,Detroit Rock City,1,$4.11
Phelia Barrett,http://dummyimage.com/111x152.bmp/cc0000/ffffff,Boy,4,$15.74
Starr Gorvette,http://dummyimage.com/156x249.bmp/cc0000/ffffff,"Brothers Bloom, The",2,$12.82
Wandie Halfacre,http://dummyimage.com/168x200.bmp/dddddd/000000,"Night of the Iguana, The",4,$13.16
Nessie Huonic,http://dummyimage.com/135x180.bmp/ff4444/ffffff,Dark Angel (I Come in Peace),4,$2.32
Ardith Jellicorse,http://dummyimage.com/237x189.bmp/5fa2dd/ffffff,"Life and Death of Peter Sellers, The",5,$4.56
Tynan Rawlcliffe,http://dummyimage.com/230x135.png/ff4444/ffffff,Messenger of Death,4,$7.08
Candi Canwell,http://dummyimage.com/216x117.jpg/5fa2dd/ffffff,"Cameraman's Revenge, The (Mest kinematograficheskogo operatora)",2,$14.02
Claire Guswell,http://dummyimage.com/103x208.png/dddddd/000000,"Forest for the Trees, The (Der Wald vor lauter Bäumen)",1,$13.50
Stella Tabart,http://dummyimage.com/185x194.png/5fa2dd/ffffff,Evil Dead II (Dead by Dawn),5,$8.75
Sauncho Dufty,http://dummyimage.com/152x242.png/5fa2dd/ffffff,Only Old Men Are Going to Battle (V boy idut odni stariki),3,$12.84
Bartholomeus Oxenbury,http://dummyimage.com/234x214.png/cc0000/ffffff,"Last House on the Left, The",5,$19.14
Nat Scase,http://dummyimage.com/193x233.bmp/ff4444/ffffff,Bitch Slap,1,$15.38
Cliff Orknay,http://dummyimage.com/122x119.bmp/dddddd/000000,Dear God,4,$16.52
Marja Husher,http://dummyimage.com/230x184.jpg/ff4444/ffffff,"Garden of Eden, The",5,$9.85
Nessi Pennells,http://dummyimage.com/128x169.jpg/dddddd/000000,Action Jackson,1,$7.87
Arlana Schoffler,http://dummyimage.com/106x225.bmp/cc0000/ffffff,In the Line of Duty: The F.B.I. Murders,4,$6.79
Kass Tann,http://dummyimage.com/231x108.jpg/cc0000/ffffff,Bikini Spring Break (Revenge of the Nerds' Bikini Spring Break),2,$3.50
Cletus Verrick,http://dummyimage.com/171x145.bmp/cc0000/ffffff,"Order, The",4,$0.48
Stanislaw Ottawell,http://dummyimage.com/220x177.jpg/dddddd/000000,Grace,3,$12.53
Bayard Luigi,http://dummyimage.com/209x228.png/ff4444/ffffff,Smokin' Aces,5,$6.74
Washington Keddle,http://dummyimage.com/189x136.png/cc0000/ffffff,Glowing Stars,5,$5.31
Eugine Prewett,http://dummyimage.com/112x247.jpg/5fa2dd/ffffff,Unfinished Sky,2,$5.03
Marilyn Pawlett,http://dummyimage.com/135x156.jpg/5fa2dd/ffffff,Strip Search,3,$17.98
Leroy Scobie,http://dummyimage.com/124x199.jpg/dddddd/000000,Ama lur (Tierra Madre),2,$9.31
Jaymee Beeston,http://dummyimage.com/126x222.bmp/5fa2dd/ffffff,"Big Red One, The",5,$5.43
Latrena Hayler,http://dummyimage.com/135x238.jpg/ff4444/ffffff,21 and Over,3,$16.19
Gypsy Penhearow,http://dummyimage.com/162x152.jpg/cc0000/ffffff,King of Hearts,2,$19.22
Trista Killock,http://dummyimage.com/141x151.jpg/ff4444/ffffff,French Fried Vacation 3 (Les bronzés 3: amis pour la vie),5,$9.38
Olivia Dumblton,http://dummyimage.com/142x143.jpg/ff4444/ffffff,My Best Friend's Wedding,2,$5.62
Jacquie Sapsford,http://dummyimage.com/212x236.png/cc0000/ffffff,King of Jazz,1,$3.91
Hannie Dallas,http://dummyimage.com/184x138.bmp/ff4444/ffffff,Reign Over Me,1,$16.08
Andromache Simacek,http://dummyimage.com/118x222.bmp/dddddd/000000,Dolan's Cadillac,1,$11.61
Andrei Holt,http://dummyimage.com/241x151.jpg/dddddd/000000,"Sound of Fury, The",3,$1.60
Mallissa Villar,http://dummyimage.com/222x125.png/dddddd/000000,Love and Death on Long Island,2,$13.82
Gretel Rieme,http://dummyimage.com/101x103.png/dddddd/000000,"House That Dripped Blood, The",2,$6.33
Sonni Perring,http://dummyimage.com/108x154.jpg/cc0000/ffffff,Touchy Feely,5,$1.51
Gleda Casaccio,http://dummyimage.com/174x232.bmp/5fa2dd/ffffff,Antwone Fisher,4,$4.65
Bernhard Farren,http://dummyimage.com/202x138.jpg/dddddd/000000,Simon of the Desert (Simón del desierto),5,$3.93
Cristen Albon,http://dummyimage.com/137x131.bmp/cc0000/ffffff,Conrack,4,$13.61
Brigid McIlrath,http://dummyimage.com/133x118.jpg/5fa2dd/ffffff,Made of Honor,1,$11.14
Britni Ryrie,http://dummyimage.com/243x134.png/5fa2dd/ffffff,Venus & Fleur,5,$0.98
Lynnell Skaif,http://dummyimage.com/119x133.jpg/cc0000/ffffff,Trance,1,$4.00
Adrienne Cranmore,http://dummyimage.com/168x150.jpg/dddddd/000000,Force 10 from Navarone,5,$8.49
Creight Canet,http://dummyimage.com/214x171.png/5fa2dd/ffffff,[REC],1,$9.87
Emmit Coultass,http://dummyimage.com/235x194.png/5fa2dd/ffffff,Von Ryan's Express,2,$11.28
Libbi Ellick,http://dummyimage.com/111x123.bmp/cc0000/ffffff,Vincere,4,$16.84
Roxana Motto,http://dummyimage.com/226x190.jpg/dddddd/000000,Butch and Sundance: The Early Days,1,$13.28
Timmie Cromett,http://dummyimage.com/150x137.png/cc0000/ffffff,Destination Tokyo,3,$6.24
Marilyn Sheirlaw,http://dummyimage.com/208x152.bmp/cc0000/ffffff,"Night in the Life of Jimmy Reardon, A",2,$8.73
Christie Brunsdon,http://dummyimage.com/199x233.bmp/cc0000/ffffff,Time Out (L'emploi du temps),5,$7.79
Robinson Husset,http://dummyimage.com/161x185.bmp/dddddd/000000,In a Dark Place,1,$15.42
Far Knightsbridge,http://dummyimage.com/242x192.jpg/ff4444/ffffff,The Missouri Breaks,5,$3.41
Norma Danes,http://dummyimage.com/125x241.bmp/dddddd/000000,"Survivors, The",3,$7.80
Brigitta Davinet,http://dummyimage.com/157x122.jpg/cc0000/ffffff,Bring It On,4,$13.24
Catha Abraham,http://dummyimage.com/119x229.bmp/ff4444/ffffff,Reefer Madness (a.k.a. Tell Your Children),2,$9.63
Tanya Standish-Brooks,http://dummyimage.com/116x148.bmp/5fa2dd/ffffff,Árido Movie,1,$3.54
Flinn Hindenburg,http://dummyimage.com/190x242.png/dddddd/000000,"Page Turner, The (Tourneuse de pages, La)",3,$9.15
Charlot Michie,http://dummyimage.com/153x208.bmp/dddddd/000000,Chain Reaction,1,$18.58
Kelly Copozio,http://dummyimage.com/142x205.png/cc0000/ffffff,Echelon Conspiracy,3,$19.27
Vonny Paddock,http://dummyimage.com/158x105.png/cc0000/ffffff,The Hatchet Man,4,$10.62
Paula Georg,http://dummyimage.com/118x149.bmp/dddddd/000000,"Countess, The",2,$17.49
Arie Claisse,http://dummyimage.com/197x125.bmp/5fa2dd/ffffff,In Our Garden,2,$16.48
Di Wreford,http://dummyimage.com/208x116.png/5fa2dd/ffffff,Particle Fever,2,$0.27
Krystle Hampson,http://dummyimage.com/148x114.bmp/ff4444/ffffff,Sexual Chronicles of a French Family (Chroniques sexuelles d'une famille d'aujourd'hui),2,$9.35
Marijn De Morena,http://dummyimage.com/212x120.bmp/5fa2dd/ffffff,Pollock,5,$3.59
Antonino Finlaison,http://dummyimage.com/167x156.png/5fa2dd/ffffff,Death Sentence,5,$1.26
Gilbert Eynaud,http://dummyimage.com/237x196.jpg/dddddd/000000,"Uninvited, The",4,$16.94
Durant Illes,http://dummyimage.com/243x146.bmp/5fa2dd/ffffff,Boat People (Tau ban no hoi),3,$14.01
Herrick Burmingham,http://dummyimage.com/135x111.png/cc0000/ffffff,Kind Hearts and Coronets,4,$7.29
Krispin Hernik,http://dummyimage.com/132x154.png/ff4444/ffffff,"Incredibly Strange Creatures Who Stopped Living and Became Mixed-Up Zombies!!?, The",4,$3.10
Hal Ansill,http://dummyimage.com/114x195.png/dddddd/000000,Get Real,1,$5.74
Lexie Abrahm,http://dummyimage.com/212x205.bmp/cc0000/ffffff,That Hagen Girl,5,$1.75
Raeann Knolles-Green,http://dummyimage.com/135x208.jpg/5fa2dd/ffffff,Defense of the Realm,1,$13.05
Dilan Cahill,http://dummyimage.com/101x178.bmp/5fa2dd/ffffff,Ferngully: The Last Rainforest,1,$1.75
Penrod Culshew,http://dummyimage.com/121x172.jpg/ff4444/ffffff,Airplane!,5,$15.26
Menard Boissier,http://dummyimage.com/121x176.bmp/5fa2dd/ffffff,Harry + Max,1,$2.98
Charmine Bertholin,http://dummyimage.com/232x212.jpg/cc0000/ffffff,"Secret Lives of Dentists, The",3,$5.21
Brit Josefovic,http://dummyimage.com/243x173.png/ff4444/ffffff,"Bohemian Life, The (La vie de bohème)",4,$8.37
Derward Melpuss,http://dummyimage.com/142x123.png/5fa2dd/ffffff,Kevin Nealon: Now Hear Me Out!,4,$18.05
Antonina Dace,http://dummyimage.com/165x105.jpg/ff4444/ffffff,Three Steps Above Heaven (Tres metros sobre el cielo),3,$2.66
Pet Hellier,http://dummyimage.com/176x231.jpg/dddddd/000000,"Silent Night, Deadly Night III: Better Watch Out!",1,$15.58
Stacy Caskie,http://dummyimage.com/144x149.jpg/dddddd/000000,Ned Kelly,3,$18.00
Maurita Coey,http://dummyimage.com/120x212.bmp/5fa2dd/ffffff,"Sea Is Watching, The (Umi wa miteita)",4,$6.69
Kenon Goldring,http://dummyimage.com/238x148.bmp/dddddd/000000,Semi-Tough,4,$18.62
Ingrid Pardi,http://dummyimage.com/189x217.png/ff4444/ffffff,Upswing (Nousukausi),1,$15.21
Mei Sissland,http://dummyimage.com/139x205.bmp/5fa2dd/ffffff,I Wake Up Screaming,5,$3.54
Jessica Hazeman,http://dummyimage.com/116x129.jpg/cc0000/ffffff,True Crime,1,$2.02
Araldo Merrell,http://dummyimage.com/133x169.png/ff4444/ffffff,"Fifth Commandment, The",4,$12.49
Jorie Andersson,http://dummyimage.com/139x112.bmp/cc0000/ffffff,Pine Flat,2,$19.55
Genni Scarlan,http://dummyimage.com/116x220.jpg/cc0000/ffffff,All About My Mother (Todo sobre mi madre),5,$19.62
Kellia Sheed,http://dummyimage.com/205x247.png/5fa2dd/ffffff,One Small Hitch,1,$12.78
Glen Bywaters,http://dummyimage.com/197x184.bmp/dddddd/000000,Justice League: The Flashpoint Paradox,4,$0.10
Renado Clemmow,http://dummyimage.com/108x167.jpg/cc0000/ffffff,"Corporation, The",4,$0.01
Millard McClinton,http://dummyimage.com/131x239.bmp/ff4444/ffffff,Fantomas,2,$18.32
Marshal Myrtle,http://dummyimage.com/119x213.bmp/5fa2dd/ffffff,ZMD: Zombies of Mass Destruction,3,$0.33
Carole Veldens,http://dummyimage.com/117x201.jpg/dddddd/000000,Surviving Progress,4,$2.39
Sissy Rickhuss,http://dummyimage.com/203x156.jpg/cc0000/ffffff,"Last Broadcast, The",1,$7.71
Robbert Wanstall,http://dummyimage.com/149x156.jpg/5fa2dd/ffffff,Instructions Not Included (No se Aceptan Devoluciones),3,$11.60
Minetta Blakemore,http://dummyimage.com/210x172.jpg/ff4444/ffffff,Like It Is,4,$18.48
Carce Shirtliff,http://dummyimage.com/156x152.bmp/5fa2dd/ffffff,"Zed & Two Noughts, A",2,$4.40
Nelli Top,http://dummyimage.com/236x155.png/5fa2dd/ffffff,If Looks Could Kill,3,$9.76
Kara-lynn Jerrim,http://dummyimage.com/168x203.jpg/dddddd/000000,Just Pals,1,$12.67
Mordecai Maycock,http://dummyimage.com/100x152.jpg/5fa2dd/ffffff,X Games 3D: The Movie,2,$12.17
Anastasia Atto,http://dummyimage.com/189x102.bmp/ff4444/ffffff,3 dev adam (Three Giant Men) ,4,$15.95
Paulina Elmore,http://dummyimage.com/213x130.bmp/dddddd/000000,Jonestown: The Life and Death of Peoples Temple,1,$18.69
Abbye O'Hogertie,http://dummyimage.com/208x132.jpg/5fa2dd/ffffff,Pirates,2,$7.21
Cristal Djekic,http://dummyimage.com/202x153.bmp/5fa2dd/ffffff,Judgement Day,4,$6.41
Fancie Zarfai,http://dummyimage.com/190x248.bmp/dddddd/000000,2:13,3,$9.23
Leontyne Flay,http://dummyimage.com/226x160.bmp/5fa2dd/ffffff,Titanic,5,$15.53
Ethelyn Mc Pake,http://dummyimage.com/218x162.bmp/5fa2dd/ffffff,Louis Theroux: The Most Hated Family in America in Crisis,3,$15.65
Odelia Tasch,http://dummyimage.com/159x220.bmp/5fa2dd/ffffff,Mary,4,$5.06
Deena Gann,http://dummyimage.com/246x106.jpg/5fa2dd/ffffff,"End of the Line, The",5,$5.29
Vicky MacAless,http://dummyimage.com/244x150.bmp/dddddd/000000,"Rocks (Rad, Das)",4,$1.50
Moira Moughtin,http://dummyimage.com/116x130.png/5fa2dd/ffffff,"God is Great, I'm Not (Dieu est grand, je suis toute petite)",5,$4.68
Wyndham Ash,http://dummyimage.com/240x166.jpg/5fa2dd/ffffff,"Das Experiment (Experiment, The)",2,$7.49
Adler Gatley,http://dummyimage.com/197x101.jpg/dddddd/000000,Animal Room,4,$3.50
Vale Siddle,http://dummyimage.com/146x206.jpg/ff4444/ffffff,Good Hair,2,$12.07
Erskine Jambrozek,http://dummyimage.com/223x233.bmp/5fa2dd/ffffff,Boyfriends and Girlfriends (a.k.a. My Girlfriend's Boyfriend) (L'ami de mon amie),1,$3.51
Vanda Cron,http://dummyimage.com/176x248.png/cc0000/ffffff,Burt's Buzz,3,$6.53
Kennedy Allington,http://dummyimage.com/156x175.bmp/ff4444/ffffff,"Escape Artist, The",5,$0.88
Merill Forte,http://dummyimage.com/182x196.jpg/ff4444/ffffff,"Web of Death, The",5,$7.03
Lorrie Uren,http://dummyimage.com/236x128.bmp/cc0000/ffffff,Children of the Corn V: Fields of Terror,4,$15.40
Godwin Secrett,http://dummyimage.com/216x149.jpg/5fa2dd/ffffff,Red 2,1,$7.55
Orran Bending,http://dummyimage.com/111x237.png/5fa2dd/ffffff,How the Grinch Stole Christmas (a.k.a. The Grinch),1,$16.34
Jayson Brilon,http://dummyimage.com/211x156.png/5fa2dd/ffffff,Herbie Goes Bananas,5,$19.41
Der Easen,http://dummyimage.com/224x244.png/5fa2dd/ffffff,Butterflies Have No Memories,4,$13.43
Daron Pharoah,http://dummyimage.com/144x205.png/cc0000/ffffff,Maria (Mariya),2,$6.82
Atalanta Ojeda,http://dummyimage.com/147x170.jpg/cc0000/ffffff,Signs,5,$0.30
Myra Exley,http://dummyimage.com/111x222.bmp/dddddd/000000,Yentl,3,$17.82
Ermanno Crack,http://dummyimage.com/181x232.jpg/dddddd/000000,Sheep Eaters (Lampaansyöjät),4,$1.02
Sheff Compston,http://dummyimage.com/105x217.jpg/dddddd/000000,Encore,3,$3.84
Austina Sigars,http://dummyimage.com/149x115.jpg/cc0000/ffffff,Diary of a Shinjuku Thief (Shinjuku dorobo nikki),4,$14.91
Ulberto Berkeley,http://dummyimage.com/130x144.bmp/5fa2dd/ffffff,"Tomorrow, When the War Began",2,$11.74
Bar Frankland,http://dummyimage.com/171x207.png/cc0000/ffffff,Night at the Museum: Battle of the Smithsonian,5,$19.50
Winn Ivakhno,http://dummyimage.com/177x113.png/dddddd/000000,"Battered Bastards of Baseball, The",3,$15.11
Audie Holliar,http://dummyimage.com/244x192.jpg/ff4444/ffffff,I'll Do Anything,3,$6.30
Eric Waddie,http://dummyimage.com/178x137.bmp/dddddd/000000,Rabbit Hole,3,$6.63
Dyann Bumpas,http://dummyimage.com/226x227.jpg/dddddd/000000,"Devil's Carnival, The",3,$19.31
Lezlie McCole,http://dummyimage.com/134x166.bmp/5fa2dd/ffffff,Morphia (Morfiy),2,$12.95
Delores Gartside,http://dummyimage.com/217x147.jpg/5fa2dd/ffffff,Gone Fishin',1,$0.40
Minni Carlill,http://dummyimage.com/204x150.png/5fa2dd/ffffff,Third Person,3,$1.07
Lynnell Rudiger,http://dummyimage.com/237x128.png/dddddd/000000,Holidays by the Sea (Ni à vendre ni à louer),2,$10.65
Hamlen Clunie,http://dummyimage.com/134x164.bmp/ff4444/ffffff,From Prada to Nada,1,$10.08
Berni McIlhone,http://dummyimage.com/136x205.bmp/dddddd/000000,Kitchen in Paris,4,$2.02
Lainey Butlin,http://dummyimage.com/113x109.jpg/5fa2dd/ffffff,"Call, The",1,$5.06
Barbe Piell,http://dummyimage.com/196x210.jpg/dddddd/000000,Interview with the Assassin,5,$1.84
Marcia Blacklawe,http://dummyimage.com/174x132.jpg/dddddd/000000,Darker Than Night,1,$8.49
Isaak Cavet,http://dummyimage.com/183x245.bmp/5fa2dd/ffffff,Kevin Smith: Sold Out - A Threevening with Kevin Smith,2,$1.30
Amelita Tewkesberrie,http://dummyimage.com/215x133.jpg/ff4444/ffffff,"Acla, The Descent into Floristella (La discesa di Aclà a Floristella)",3,$3.67
Jacqui Tibbotts,http://dummyimage.com/176x207.png/ff4444/ffffff,Retribution (Sakebi),2,$8.38
Gibb D'Alessio,http://dummyimage.com/168x161.bmp/dddddd/000000,Blood and Sand,2,$1.63
Phillis Di Franceshci,http://dummyimage.com/181x135.jpg/cc0000/ffffff,Something Ventured,2,$4.21
Robinett Mouatt,http://dummyimage.com/245x185.jpg/5fa2dd/ffffff,Pawn Shop Chronicles,4,$14.10
Filip Hrishanok,http://dummyimage.com/116x141.png/dddddd/000000,In Enemy Hands,5,$7.08
Leann Gerrets,http://dummyimage.com/100x166.bmp/ff4444/ffffff,Fallen,4,$16.78
Rufe Ber,http://dummyimage.com/113x212.bmp/cc0000/ffffff,Emil i Lönneberga,5,$2.57
Blanche Bonnesen,http://dummyimage.com/211x166.png/5fa2dd/ffffff,Undefeatable,3,$2.12
Quinn Ziem,http://dummyimage.com/133x110.png/5fa2dd/ffffff,Super Hero Party Clown,5,$13.12
Zitella Chapier,http://dummyimage.com/178x100.jpg/cc0000/ffffff,"Nature of the Beast, The",4,$6.23
Godfree Piaggia,http://dummyimage.com/152x161.bmp/ff4444/ffffff,Trash,3,$6.32
Daren Salling,http://dummyimage.com/225x187.jpg/cc0000/ffffff,"Prowler, The (a.k.a. Rosemary's Killer) (a.k.a. The Graduation)",2,$16.13
Urson Farrer,http://dummyimage.com/225x248.jpg/ff4444/ffffff,Tomorrow Night,3,$8.61
Jilli Scudamore,http://dummyimage.com/212x116.jpg/5fa2dd/ffffff,Quand je serai petit,5,$8.33
Emlen Scuffham,http://dummyimage.com/200x126.jpg/cc0000/ffffff,Four Horsemen,4,$13.02
Clemente Patey,http://dummyimage.com/244x225.jpg/ff4444/ffffff,Secuestrados (Kidnapped),4,$0.59
Carmela Casebourne,http://dummyimage.com/168x184.bmp/ff4444/ffffff,Niagara,2,$4.63
Jami Dowker,http://dummyimage.com/162x119.png/ff4444/ffffff,Mr. Toad's Wild Ride (a.k.a. The Wind in the Willows),5,$1.17
Jacquelyn Scrowson,http://dummyimage.com/172x208.bmp/ff4444/ffffff,Distant (Uzak),1,$3.98
Rori Oselton,http://dummyimage.com/225x191.jpg/dddddd/000000,Casey Jones,5,$17.14
Luce Notman,http://dummyimage.com/179x192.bmp/dddddd/000000,Tangled,4,$4.79
Barrie Willerson,http://dummyimage.com/109x223.bmp/ff4444/ffffff,Physical Evidence,4,$12.79
Lesley Harrhy,http://dummyimage.com/174x187.bmp/dddddd/000000,"Legend of Sleepy Hollow, The",1,$9.33
Jae Brew,http://dummyimage.com/231x108.png/ff4444/ffffff,"Night Stalker, The",1,$19.08
Gerda Coytes,http://dummyimage.com/223x110.jpg/cc0000/ffffff,Rumble Fish,1,$4.71
Brenna Basketter,http://dummyimage.com/138x176.png/5fa2dd/ffffff,Johnny Skidmarks,4,$14.31
Hatty Petzold,http://dummyimage.com/211x240.bmp/5fa2dd/ffffff,Experimenter,4,$14.34
Celka Houlson,http://dummyimage.com/222x164.bmp/ff4444/ffffff,Anchorman 2: The Legend Continues,4,$10.29
Dorelia Gaythor,http://dummyimage.com/250x112.jpg/dddddd/000000,Wyatt Earp,1,$15.27
Miriam Dorre,http://dummyimage.com/179x214.jpg/dddddd/000000,Vinyl,3,$12.19
Dew Shrigley,http://dummyimage.com/229x235.png/cc0000/ffffff,"Secret, A (Un secret)",2,$4.65
Idell Wellen,http://dummyimage.com/153x176.png/5fa2dd/ffffff,West of Zanzibar,3,$17.81
Elnore Daniely,http://dummyimage.com/108x221.png/dddddd/000000,Manon of the Spring,5,$13.82
Carena Lawlings,http://dummyimage.com/188x213.bmp/ff4444/ffffff,Big Eden,5,$16.64
Cletis Pither,http://dummyimage.com/190x199.bmp/ff4444/ffffff,Tour De Force (Hin und weg),4,$14.08
Aubree Comi,http://dummyimage.com/133x152.bmp/cc0000/ffffff,Siddhartha,5,$12.53
Jard Majury,http://dummyimage.com/100x214.jpg/cc0000/ffffff,Happy Together (a.k.a. Buenos Aires Affair) (Chun gwong cha sit),5,$17.07
Jessie Lawden,http://dummyimage.com/127x124.bmp/cc0000/ffffff,Absolute Power,5,$9.95
Claire Kik,http://dummyimage.com/198x193.png/ff4444/ffffff,Lenny Bruce: Swear to Tell the Truth,3,$14.71
Yard Everington,http://dummyimage.com/163x186.jpg/cc0000/ffffff,Blackrock,3,$17.53
Tirrell Haliday,http://dummyimage.com/232x231.jpg/5fa2dd/ffffff,Kalevala - Uusi aika,2,$17.40
Angel Scholz,http://dummyimage.com/209x105.bmp/dddddd/000000,Genghis Blues,4,$0.65
Gian Deelay,http://dummyimage.com/210x128.png/5fa2dd/ffffff,My Last Day Without You (Nie mehr ohne Dich),2,$2.83
Claude Fursse,http://dummyimage.com/113x158.jpg/cc0000/ffffff,Rage of Angels: The Story Continues,1,$6.66
Faythe Dowdeswell,http://dummyimage.com/134x190.bmp/ff4444/ffffff,Adventureland,5,$6.34
Modestia Rennenbach,http://dummyimage.com/226x238.jpg/5fa2dd/ffffff,Sweeney Todd,5,$13.60
Avigdor Ussher,http://dummyimage.com/216x248.bmp/dddddd/000000,"Leopard, The (Gattopardo, Il)",1,$1.88
Edwina Northcliffe,http://dummyimage.com/239x206.jpg/dddddd/000000,Mother Night,1,$3.03
Juliette Mynett,http://dummyimage.com/209x193.bmp/ff4444/ffffff,In the Mood For Love (Fa yeung nin wa),1,$10.05
Marion Tuxill,http://dummyimage.com/181x154.bmp/5fa2dd/ffffff,Hero and the Terror,1,$0.40
Madonna Pote,http://dummyimage.com/180x160.png/ff4444/ffffff,I Live My Life,4,$1.64
Corena Corre,http://dummyimage.com/143x117.png/cc0000/ffffff,Made in Hong Kong (Xiang Gang zhi zao),4,$3.24
Ody Morhall,http://dummyimage.com/240x217.png/cc0000/ffffff,Find Me Guilty,4,$16.66
Charo Comben,http://dummyimage.com/167x105.png/5fa2dd/ffffff,Blind Beast (Môjuu),2,$2.43
Tuckie Snaddin,http://dummyimage.com/228x149.bmp/ff4444/ffffff,Mother,4,$0.11
Raddie Wilne,http://dummyimage.com/159x132.bmp/5fa2dd/ffffff,Pulse (Kairo),5,$19.61
Elnore Itzkov,http://dummyimage.com/250x182.jpg/cc0000/ffffff,"Rutles 2: Can't Buy Me Lunch, The",3,$3.90
Mickie Middleditch,http://dummyimage.com/151x200.png/dddddd/000000,Eyes of Laura Mars,1,$8.17
Betta Chaytor,http://dummyimage.com/150x131.bmp/cc0000/ffffff,Identity,3,$9.96
Katha Haggidon,http://dummyimage.com/188x194.png/ff4444/ffffff,Chinese Zodiac (Armour of God III) (CZ12),3,$6.97
Madonna Walisiak,http://dummyimage.com/177x173.png/dddddd/000000,Bringing Up Bobby,3,$14.78
Alasdair Sayce,http://dummyimage.com/184x149.png/dddddd/000000,Birdwatchers (BirdWatchers - La terra degli uomini rossi),3,$14.01
Livvyy Micco,http://dummyimage.com/249x180.bmp/ff4444/ffffff,"Haunted, The",3,$6.95
Verla McSwan,http://dummyimage.com/106x134.png/cc0000/ffffff,By the Sea,3,$11.11
Vanni Tripean,http://dummyimage.com/208x146.jpg/cc0000/ffffff,Heart Like a Wheel,3,$14.00
Lucy Gasparro,http://dummyimage.com/222x135.bmp/ff4444/ffffff,"Dead Zone, The",1,$1.97
Sibeal Elmore,http://dummyimage.com/119x122.bmp/5fa2dd/ffffff,Bambi,1,$17.94
Randi Mineghelli,http://dummyimage.com/137x123.bmp/ff4444/ffffff,Possible Worlds,3,$14.97
Yance Brann,http://dummyimage.com/209x144.png/dddddd/000000,RKO 281,4,$12.84
Mitchell Arpur,http://dummyimage.com/166x110.bmp/cc0000/ffffff,Agata and the Storm (Agata e la tempesta),4,$14.62
Brandyn Snoxell,http://dummyimage.com/230x168.png/dddddd/000000,"Thorn Birds, The",1,$11.33
Jard Gulk,http://dummyimage.com/208x240.jpg/dddddd/000000,"Laugh, Clown, Laugh",3,$13.42
Carlynn Gossage,http://dummyimage.com/152x175.bmp/5fa2dd/ffffff,"Assassination of Jesse James by the Coward Robert Ford, The",5,$18.16
Orville O'Keeffe,http://dummyimage.com/150x195.png/dddddd/000000,Calamari Union,5,$5.46
Maxwell O'Fihily,http://dummyimage.com/139x156.jpg/cc0000/ffffff,House of 9,1,$0.43
Jennica Funnell,http://dummyimage.com/236x116.jpg/ff4444/ffffff,Filth and Wisdom,4,$10.17
Euphemia Ivashkov,http://dummyimage.com/118x208.bmp/cc0000/ffffff,Santa's Apprentice,4,$11.79
Shaylyn Birdwhistle,http://dummyimage.com/151x245.png/cc0000/ffffff,Star Wars: The Clone Wars,5,$10.74
Nollie Pittet,http://dummyimage.com/189x192.jpg/5fa2dd/ffffff,Images of the World and the Inscription of War (Bilder der Welt und Inschrift des Krieges),1,$8.25
Peter Pierce,http://dummyimage.com/170x162.bmp/dddddd/000000,Major Barbara,4,$7.94
Belia Troctor,http://dummyimage.com/204x208.png/ff4444/ffffff,Gideon's Army,4,$9.71
Nadya Drains,http://dummyimage.com/171x132.jpg/cc0000/ffffff,"Hunger, The",2,$19.99
Tracee Vynehall,http://dummyimage.com/171x174.jpg/cc0000/ffffff,The Derby Stallion,2,$19.78
Ulrika Vogeler,http://dummyimage.com/191x169.bmp/cc0000/ffffff,"Lion in Winter, The",5,$15.39
Reece Oventon,http://dummyimage.com/132x194.jpg/dddddd/000000,Return of the Living Dead 3,3,$13.52
Carleton Armatage,http://dummyimage.com/103x185.bmp/ff4444/ffffff,While You Were Sleeping,4,$10.65
Cybil Scandrite,http://dummyimage.com/241x141.jpg/dddddd/000000,"Bourne Identity, The",3,$6.02
Minne Lanphere,http://dummyimage.com/110x191.bmp/ff4444/ffffff,"When You Comin' Back, Red Ryder?",5,$12.50
Dallas Hewertson,http://dummyimage.com/186x127.jpg/cc0000/ffffff,Simon Says,1,$17.08
Verene Spenley,http://dummyimage.com/112x211.bmp/cc0000/ffffff,"Black Pirate, The",1,$9.61
Frayda Orwin,http://dummyimage.com/154x133.png/5fa2dd/ffffff,"Navigators, The",1,$11.38
Maynord Hanfrey,http://dummyimage.com/214x128.png/cc0000/ffffff,44 Minutes: The North Hollywood Shoot-Out,5,$14.17
Garwood Durtnell,http://dummyimage.com/177x190.jpg/dddddd/000000,"Like Sunday, Like Rain",3,$11.26
Ham Affleck,http://dummyimage.com/212x136.bmp/dddddd/000000,Philadelphia,5,$17.68
Rube Begwell,http://dummyimage.com/151x126.png/cc0000/ffffff,"Fistful of Fingers, A",3,$5.19
Georg Gerleit,http://dummyimage.com/224x112.bmp/dddddd/000000,"Fantastic Fear of Everything, A",2,$14.72
Bruis Pagram,http://dummyimage.com/120x168.jpg/dddddd/000000,"Skin Game, The",4,$0.27
Eli Gilley,http://dummyimage.com/208x197.jpg/ff4444/ffffff,Victory Through Air Power,3,$9.01
Renaud Gogay,http://dummyimage.com/147x188.jpg/ff4444/ffffff,"Farmer's Daughter, The",2,$8.23
Naomi Offener,http://dummyimage.com/121x164.png/5fa2dd/ffffff,1941,4,$10.15
Gilles cornhill,http://dummyimage.com/223x182.jpg/ff4444/ffffff,Cousin cousine,2,$15.91
Horacio Bulled,http://dummyimage.com/133x163.bmp/5fa2dd/ffffff,Head Games,5,$16.31
Bordy Taplin,http://dummyimage.com/235x104.bmp/5fa2dd/ffffff,Bells Are Ringing,1,$14.94
Ree Kob,http://dummyimage.com/209x135.bmp/5fa2dd/ffffff,"Man Apart, A",5,$16.49
Caye Crouse,http://dummyimage.com/203x203.bmp/5fa2dd/ffffff,High School Hellcats,4,$16.50
Lynsey Stanlock,http://dummyimage.com/149x148.png/dddddd/000000,Nocturno 29,2,$8.55
Sadella Kydd,http://dummyimage.com/166x220.bmp/ff4444/ffffff,"Last Truck: Closing of a GM Plant, The",4,$3.11
Meriel Gavin,http://dummyimage.com/171x174.bmp/cc0000/ffffff,"House of Mirth, The",2,$12.44
Bond Raffin,http://dummyimage.com/163x192.png/cc0000/ffffff,Double Suicide (Shinjû: Ten no amijima),2,$14.29
Massimiliano Plunkett,http://dummyimage.com/130x151.png/dddddd/000000,Outrageous Fortune,1,$1.84
Linnet Sage,http://dummyimage.com/154x243.jpg/cc0000/ffffff,Jacqueline Susann's Once Is Not Enough,3,$7.89
Renata Spriggen,http://dummyimage.com/221x173.bmp/5fa2dd/ffffff,Romasanta: The Werewolf Hunt,4,$10.53
Edythe Giovannardi,http://dummyimage.com/167x111.bmp/ff4444/ffffff,Om Shanti Om,3,$6.71
Odille Ferns,http://dummyimage.com/139x225.bmp/ff4444/ffffff,"Passion of Joan of Arc, The (Passion de Jeanne d'Arc, La)",2,$8.19
Mariya Jinda,http://dummyimage.com/164x113.jpg/ff4444/ffffff,"Woman's Secret, A",4,$1.96
Sofie Longford,http://dummyimage.com/189x236.bmp/cc0000/ffffff,Anastasia,1,$14.75
Rhys Muat,http://dummyimage.com/103x173.png/cc0000/ffffff,Percy Jackson: Sea of Monsters,3,$4.62
Benedick Semour,http://dummyimage.com/236x151.png/5fa2dd/ffffff,Colt 38 Special Squad,2,$0.94
Patsy Vlies,http://dummyimage.com/220x176.jpg/5fa2dd/ffffff,First Men in the Moon,5,$9.93
Ignazio Silbersak,http://dummyimage.com/123x101.bmp/dddddd/000000,My New Gun,1,$19.62
Arleyne Wythe,http://dummyimage.com/144x155.jpg/cc0000/ffffff,Into the Woods,2,$19.70
Juana Seefeldt,http://dummyimage.com/120x159.jpg/5fa2dd/ffffff,Macario,5,$18.97
Onida Baverstock,http://dummyimage.com/143x190.bmp/ff4444/ffffff,"Last Days on Mars, The",1,$3.93
Arny Crichten,http://dummyimage.com/122x173.bmp/cc0000/ffffff,Jesse James,1,$10.13
Dorie Merwede,http://dummyimage.com/205x210.bmp/5fa2dd/ffffff,Voyage to the End of the Universe (Ikarie XB 1),5,$19.05
Norbie Stit,http://dummyimage.com/132x152.bmp/dddddd/000000,Murder Over New York,2,$13.37
Guthrey de Verson,http://dummyimage.com/161x180.png/cc0000/ffffff,Mr. Majestyk,5,$13.04
Tully Riseborough,http://dummyimage.com/198x203.png/dddddd/000000,"Very Potter Musical, A",2,$5.84
Dallas Gothliff,http://dummyimage.com/222x133.bmp/5fa2dd/ffffff,"Bride Comes Home, The",1,$18.47
Rochelle McGebenay,http://dummyimage.com/223x152.jpg/cc0000/ffffff,"Elephant Man, The",2,$3.08
Bert Yushkin,http://dummyimage.com/120x217.png/dddddd/000000,"Amazing Transparent Man, The",1,$3.12
Julian Bremner,http://dummyimage.com/244x188.jpg/dddddd/000000,Bull Durham,3,$3.03
Isobel Shapero,http://dummyimage.com/107x204.bmp/ff4444/ffffff,Warlock,2,$6.74
Perry Thaxton,http://dummyimage.com/235x241.jpg/cc0000/ffffff,Rise of the Planet of the Apes,2,$5.42
Sheffield Crebbin,http://dummyimage.com/248x235.png/ff4444/ffffff,Shit Year,2,$2.12
Joli Midlar,http://dummyimage.com/239x196.png/5fa2dd/ffffff,Elegy,3,$11.41
Eachelle Winsome,http://dummyimage.com/156x169.jpg/5fa2dd/ffffff,Alive and Ticking (Ein Tick anders),5,$9.11
Trish Saipy,http://dummyimage.com/105x103.bmp/5fa2dd/ffffff,"Stranger Among Us, A",4,$2.87
Cecily Twigge,http://dummyimage.com/224x225.bmp/5fa2dd/ffffff,Morning Patrol (Proini peripolos),5,$0.31
Patty Barrows,http://dummyimage.com/116x137.jpg/ff4444/ffffff,Sofia's Last Ambulance (Poslednaka lineika na Sofia),2,$14.75
Lura Baiyle,http://dummyimage.com/221x234.jpg/dddddd/000000,"Other Boleyn Girl, The",4,$12.40
Aurthur Keal,http://dummyimage.com/153x152.png/cc0000/ffffff,Best Laid Plans,2,$10.00
Art Tinsley,http://dummyimage.com/137x136.bmp/cc0000/ffffff,Sweetie,1,$5.16
Daron Guerrazzi,http://dummyimage.com/169x150.jpg/5fa2dd/ffffff,Dreams of  a Life,1,$15.31
Daveen Garvey,http://dummyimage.com/120x217.bmp/cc0000/ffffff,"Last Chance: Diary of Comedians, The (Bokutachi no koukan nikki)",5,$1.91
Connor Kibbee,http://dummyimage.com/236x127.png/5fa2dd/ffffff,"Man Who Sleeps, The (Un homme qui dort)",2,$1.69
Timothea Farherty,http://dummyimage.com/165x150.bmp/dddddd/000000,"Torrente, el brazo tonto de la ley",1,$7.65
Bernardo Randleson,http://dummyimage.com/224x236.bmp/5fa2dd/ffffff,Everything Put Together,3,$5.88
Spenser Parton,http://dummyimage.com/118x185.jpg/5fa2dd/ffffff,Delhi Belly,2,$1.33
Consuela O'Donnell,http://dummyimage.com/142x194.jpg/ff4444/ffffff,Control,5,$15.26
Brandyn Semmens,http://dummyimage.com/203x190.bmp/dddddd/000000,"Lives of a Bengal Lancer, The",5,$17.08
Orel Caller,http://dummyimage.com/106x174.png/dddddd/000000,Einstein and Eddington,2,$0.13
Amye Tatlock,http://dummyimage.com/232x106.png/dddddd/000000,Raise the Red Lantern (Da hong deng long gao gao gua),5,$12.42
Rolland Hambribe,http://dummyimage.com/226x176.jpg/dddddd/000000,Here Comes the Groom,2,$13.35
Aylmer Cassar,http://dummyimage.com/140x162.jpg/cc0000/ffffff,Down in the Valley,1,$3.37
Claudio Woollends,http://dummyimage.com/185x169.png/dddddd/000000,Louis C.K.: Shameless,1,$4.88
Angus Stockings,http://dummyimage.com/234x169.bmp/cc0000/ffffff,Sherlock Holmes: The Woman in Green,1,$3.77
Manda Gathwaite,http://dummyimage.com/249x154.png/ff4444/ffffff,Priceless (Hors de prix),4,$9.34
Merola Jarvis,http://dummyimage.com/112x214.jpg/cc0000/ffffff,Let Fury Have the Hour,3,$13.03
Tod Menilove,http://dummyimage.com/145x218.bmp/5fa2dd/ffffff,Social Genocide (Memoria del saqueo),1,$13.63
Geno McCafferty,http://dummyimage.com/233x147.png/5fa2dd/ffffff,Clapham Junction,2,$14.66
Aurelea Smallpeice,http://dummyimage.com/175x146.png/dddddd/000000,Night Catches Us,4,$15.47
Ivy Bottby,http://dummyimage.com/238x160.png/ff4444/ffffff,Lewis Black: Stark Raving Black,3,$9.16
Arny Laden,http://dummyimage.com/126x182.jpg/5fa2dd/ffffff,Going All the Way,3,$6.76
Richard Brandel,http://dummyimage.com/187x108.jpg/5fa2dd/ffffff,Oh Happy Day,4,$19.91
Jeramey McVeighty,http://dummyimage.com/209x117.bmp/ff4444/ffffff,Piranhaconda,5,$11.53
Ariella Fechnie,http://dummyimage.com/145x188.bmp/5fa2dd/ffffff,"Grave, The",5,$0.58
Leanor Jina,http://dummyimage.com/221x174.jpg/dddddd/000000,Electric Dragon 80.000 V,4,$12.75
Merle Beden,http://dummyimage.com/131x179.png/dddddd/000000,"N Word, The",3,$6.91
Barris Longstreet,http://dummyimage.com/239x192.jpg/dddddd/000000,Meet the Feebles,4,$6.90
Michaeline Stollenbecker,http://dummyimage.com/231x239.jpg/cc0000/ffffff,Ballistic: Ecks vs. Sever,4,$11.26
Benson Busain,http://dummyimage.com/185x103.png/5fa2dd/ffffff,"Breaktime, The (Zang-e Tafrih) (Recess)",2,$2.21
Kalila MacCollom,http://dummyimage.com/237x196.png/dddddd/000000,"Bourne Supremacy, The",2,$0.83
Anastasia Mathey,http://dummyimage.com/137x195.jpg/dddddd/000000,Mister 880,3,$10.30
Stormie Banting,http://dummyimage.com/179x144.png/dddddd/000000,Conspiracy,5,$11.04
Farrel MacPaik,http://dummyimage.com/199x231.jpg/cc0000/ffffff,Cosi,4,$17.80
Natty Posthill,http://dummyimage.com/129x113.bmp/ff4444/ffffff,Redbelt,3,$9.82
Denver Petrol,http://dummyimage.com/110x244.png/cc0000/ffffff,Abbott and Costello Meet Dr. Jekyll and Mr. Hyde,2,$4.42
Elayne Caldicott,http://dummyimage.com/182x176.jpg/5fa2dd/ffffff,Liv & Ingmar,1,$14.12
Nanice Chaffe,http://dummyimage.com/246x171.png/cc0000/ffffff,Tumannost Andromedy,5,$12.99
Leta Persent,http://dummyimage.com/127x145.png/dddddd/000000,Crisis,2,$3.00
Allistir Massenhove,http://dummyimage.com/101x181.png/5fa2dd/ffffff,Girlhood,3,$2.71
Barde Ancliffe,http://dummyimage.com/166x127.png/5fa2dd/ffffff,Welcome to the Sticks (Bienvenue chez les Ch'tis),4,$13.05
Weidar Gartrell,http://dummyimage.com/211x181.jpg/ff4444/ffffff,Alive Inside,1,$8.95
Milissent Margrie,http://dummyimage.com/175x125.png/dddddd/000000,Holiday Spin,5,$15.55
Camille Widdicombe,http://dummyimage.com/232x171.bmp/ff4444/ffffff,The Legend of Mor'du,1,$15.70
Terry Jotcham,http://dummyimage.com/147x173.bmp/cc0000/ffffff,Matthew's Days,4,$19.89
Austina Magwood,http://dummyimage.com/209x176.bmp/cc0000/ffffff,Never Give a Sucker an Even Break,5,$8.58
Kahaleel Annable,http://dummyimage.com/104x142.jpg/5fa2dd/ffffff,Nightwatching,5,$8.11
Brianne Benneyworth,http://dummyimage.com/225x235.png/ff4444/ffffff,"Good Shepherd, The",2,$7.09
Reggis Schimann,http://dummyimage.com/219x202.png/5fa2dd/ffffff,Fear and Trembling (Stupeur et tremblements),4,$5.05
Hal Skeermor,http://dummyimage.com/115x219.png/5fa2dd/ffffff,"Day the Earth Stood Still, The",3,$5.75
Ashia Pinkard,http://dummyimage.com/162x234.png/ff4444/ffffff,Snow Flower and the Secret Fan,5,$3.12
Louis Topliss,http://dummyimage.com/124x176.jpg/cc0000/ffffff,The Boy Next Door,5,$15.16
Jerrilyn Rymill,http://dummyimage.com/112x164.bmp/dddddd/000000,Lost in Thailand (Ren zai jiong tu zhi tai jiong),1,$11.02
Blair Stollman,http://dummyimage.com/129x230.bmp/5fa2dd/ffffff,Sing Your Song,2,$4.04
Didi Plackstone,http://dummyimage.com/112x233.png/ff4444/ffffff,Crooked Arrows,4,$2.90
Alexandrina Wilber,http://dummyimage.com/110x223.bmp/5fa2dd/ffffff,Come Undone (Presque Rien),4,$14.58
Adelaida Brimelow,http://dummyimage.com/145x170.bmp/cc0000/ffffff,Stories We Tell,5,$19.51
Petra Willcocks,http://dummyimage.com/156x204.bmp/5fa2dd/ffffff,Hospital,2,$13.23
Flossi Dahle,http://dummyimage.com/204x212.bmp/ff4444/ffffff,Them (Ils),3,$13.96
Matthieu Lodden,http://dummyimage.com/165x154.jpg/cc0000/ffffff,Funny Ha Ha,2,$19.21
Janessa Krop,http://dummyimage.com/199x124.bmp/cc0000/ffffff,"Hideous Sun Demon, The",5,$9.08
Murielle Gibb,http://dummyimage.com/189x206.png/dddddd/000000,"Good Night, The",3,$13.97
Sarene Deppe,http://dummyimage.com/158x186.jpg/dddddd/000000,Thunderbolt and Lightfoot,5,$15.81
Lara Ratley,http://dummyimage.com/228x213.bmp/5fa2dd/ffffff,Swiss Family Robinson,4,$8.62
Onfroi Roxbee,http://dummyimage.com/121x150.png/dddddd/000000,You Belong to Me,3,$10.26
Martica Imeson,http://dummyimage.com/199x155.png/cc0000/ffffff,Model Shop,2,$2.91
Celka Kerwin,http://dummyimage.com/238x141.jpg/5fa2dd/ffffff,Mid-August Lunch (Pranzo di ferragosto),2,$19.75
Farlay Dedmam,http://dummyimage.com/100x222.bmp/5fa2dd/ffffff,Gloomy Sunday (Ein Lied von Liebe und Tod),1,$11.65
Gun Halliwell,http://dummyimage.com/137x145.jpg/cc0000/ffffff,Lost in Translation,4,$0.53
Leoine Ryott,http://dummyimage.com/181x204.bmp/5fa2dd/ffffff,Côte d'Azur (Crustacés et coquillages),3,$12.96
Crichton Luckwell,http://dummyimage.com/102x210.bmp/dddddd/000000,Crimes of Fashion,4,$7.54
Pryce Matula,http://dummyimage.com/119x244.jpg/5fa2dd/ffffff,Daniel Deronda,4,$4.30
Malinda Swinbourne,http://dummyimage.com/217x121.bmp/5fa2dd/ffffff,Celeste and Jesse Forever (Celeste & Jesse Forever),3,$6.86
Orlan Parnall,http://dummyimage.com/210x180.png/dddddd/000000,In Your Hands (Forbrydelser),5,$16.47
Roseanne Faithfull,http://dummyimage.com/216x168.bmp/ff4444/ffffff,Manslaughter,1,$14.97
Tanny Scarisbrick,http://dummyimage.com/219x116.bmp/dddddd/000000,Kung Fu Dunk,5,$3.78
Shellysheldon Greave,http://dummyimage.com/223x182.bmp/ff4444/ffffff,Sparrows,4,$6.32
Lombard MacKeller,http://dummyimage.com/145x216.bmp/cc0000/ffffff,Mean Streets,4,$16.29
Felice Matys,http://dummyimage.com/236x241.bmp/ff4444/ffffff,24 7: Twenty Four Seven,4,$15.33
Salomon Salmen,http://dummyimage.com/161x142.png/cc0000/ffffff,Nothing But Ghosts (Nichts als Gespenster),2,$7.48
Reagan Spurier,http://dummyimage.com/241x129.jpg/ff4444/ffffff,Safe Passage,1,$19.41
Jorry Moralis,http://dummyimage.com/197x210.bmp/dddddd/000000,"House of Branching Love, The (Haarautuvan rakkauden talo)",1,$3.17
Gypsy Widdows,http://dummyimage.com/167x133.bmp/cc0000/ffffff,Moscow on the Hudson,4,$3.20
Alejoa Stiant,http://dummyimage.com/145x243.bmp/cc0000/ffffff,Exit Wounds,3,$16.66
Ninon Siddeley,http://dummyimage.com/226x209.jpg/dddddd/000000,"Long Goodbye, The",1,$10.40
Gare Pharro,http://dummyimage.com/218x102.jpg/5fa2dd/ffffff,Frequencies,5,$6.36
Bianca Van Salzberger,http://dummyimage.com/127x189.bmp/5fa2dd/ffffff,Against The Sun,3,$8.65
Tuesday Rudram,http://dummyimage.com/162x134.jpg/ff4444/ffffff,Poison,3,$17.62
Catrina Saurin,http://dummyimage.com/151x193.bmp/ff4444/ffffff,Molly,2,$12.52
Adrea Dearle-Palser,http://dummyimage.com/123x140.jpg/5fa2dd/ffffff,Very Happy Alexander (Alexandre le bienheureux),3,$18.62
Jonas Malden,http://dummyimage.com/228x233.bmp/dddddd/000000,Murder on the Orient Express,3,$13.65
Dolly Mardle,http://dummyimage.com/146x167.bmp/ff4444/ffffff,Miracle at Oxford (True Blue),1,$0.71
Roxine Cargenven,http://dummyimage.com/216x160.png/cc0000/ffffff,Autopsy (Macchie Solari),4,$10.10
Charmian Baude,http://dummyimage.com/168x114.jpg/dddddd/000000,Sorority House Massacre,5,$8.87
Farly Dmtrovic,http://dummyimage.com/166x181.jpg/ff4444/ffffff,First Love (Primo Amore),2,$4.33
Farrand Lardner,http://dummyimage.com/173x208.jpg/ff4444/ffffff,Silent Partner,5,$18.13
Mervin Blasetti,http://dummyimage.com/164x159.bmp/5fa2dd/ffffff,Easy Money (Snabba Cash),3,$6.45
Janaya Bonifant,http://dummyimage.com/118x234.png/dddddd/000000,#chicagoGirl: The Social Network Takes on a Dictator,4,$17.20
Billi Bikker,http://dummyimage.com/230x126.png/cc0000/ffffff,Good Luck Chuck,5,$17.58
Jillie Deaville,http://dummyimage.com/239x204.png/dddddd/000000,Criminals,3,$1.01
Piper McKeady,http://dummyimage.com/133x190.bmp/5fa2dd/ffffff,"Princess Blade, The (Shura Yukihime)",2,$6.25
Kati Hechlin,http://dummyimage.com/137x180.png/cc0000/ffffff,Stray Cat Rock: Sex Hunter (Nora-neko rokku: Sekkusu hanta),1,$7.30
Ryan Adam,http://dummyimage.com/102x124.bmp/ff4444/ffffff,Aftershock (Tangshan dadizhen),4,$3.30
Bibi Tankard,http://dummyimage.com/144x174.jpg/cc0000/ffffff,Beer for My Horses,5,$2.59
Dyann Kidby,http://dummyimage.com/102x209.bmp/dddddd/000000,"Ladies Man, The",5,$19.81
Millicent Lyes,http://dummyimage.com/167x123.png/ff4444/ffffff,"Entertainer, The",2,$13.43
Angeli Dimitrijevic,http://dummyimage.com/243x128.bmp/dddddd/000000,Experimenter,4,$11.37
Vaughn Meltetal,http://dummyimage.com/225x193.png/5fa2dd/ffffff,Neil Young: Heart of Gold,3,$11.09
Bartolemo Kuhnwald,http://dummyimage.com/210x149.png/5fa2dd/ffffff,Kill by Inches,1,$12.96
Ginni Yankeev,http://dummyimage.com/207x119.png/ff4444/ffffff,Sergio,4,$18.39
Renie Howison,http://dummyimage.com/220x208.jpg/dddddd/000000,27 Missing Kisses,1,$16.32
Osborn Cutress,http://dummyimage.com/218x230.jpg/5fa2dd/ffffff,Tekken,1,$16.58
Arlene Marzele,http://dummyimage.com/217x208.png/cc0000/ffffff,Carrington,4,$13.59
Kory Esche,http://dummyimage.com/184x189.bmp/cc0000/ffffff,Love and Sex under Nazi Occupation (Amour et sexe sous l'occupation) ,2,$17.99
Freddie Duffill,http://dummyimage.com/173x135.png/cc0000/ffffff,Teen Witch,1,$11.31
Quillan Fairbank,http://dummyimage.com/215x175.jpg/cc0000/ffffff,"Boogie (Boogie, el aceitoso)",2,$7.46
Berkley Collinson,http://dummyimage.com/208x167.jpg/dddddd/000000,"Mighty Macs, The",1,$10.80
Oralla Pauncefoot,http://dummyimage.com/214x220.png/cc0000/ffffff,Sleeper,3,$18.40
Oralie Firle,http://dummyimage.com/161x114.png/ff4444/ffffff,Minority Report,1,$9.41
Georgeanna Howlin,http://dummyimage.com/140x134.png/ff4444/ffffff,Grandmother,4,$14.14
Cassandre Spurryer,http://dummyimage.com/169x155.png/5fa2dd/ffffff,Kamchatka,1,$0.09
Emeline Carette,http://dummyimage.com/158x183.bmp/cc0000/ffffff,"Five Minarets in New York (Act of Vengeance) (Terrorist, The)",5,$19.83
Nannette Pendergrast,http://dummyimage.com/177x231.jpg/5fa2dd/ffffff,"Debutantes, Los",4,$8.78
Valry Roskelly,http://dummyimage.com/214x161.bmp/dddddd/000000,Here Without Me (Inja bedoone man),5,$18.37
Ellissa Sempill,http://dummyimage.com/176x231.jpg/5fa2dd/ffffff,Will Penny,4,$10.62
Carlina Bergeau,http://dummyimage.com/195x173.bmp/dddddd/000000,"Book of Fate, The (Kohtalon kirja)",1,$4.26
Lynnell Gillbe,http://dummyimage.com/222x186.png/dddddd/000000,"Mosquito Coast, The",2,$9.25
Joceline Regglar,http://dummyimage.com/177x130.png/ff4444/ffffff,Four Sons,5,$1.65
Evey Norheny,http://dummyimage.com/233x202.bmp/dddddd/000000,Kids World,3,$3.70
Randie Lilburne,http://dummyimage.com/153x133.jpg/ff4444/ffffff,After the Fox (Caccia alla volpe),4,$12.23
Dorena Gino,http://dummyimage.com/216x230.png/dddddd/000000,It Happened One Night,1,$11.55
Evy Haynes,http://dummyimage.com/111x241.jpg/dddddd/000000,Prison Break: The Final Break,3,$1.62
Homer Babalola,http://dummyimage.com/135x202.jpg/cc0000/ffffff,My Way,2,$6.41
Delmer Weighell,http://dummyimage.com/206x228.bmp/dddddd/000000,Taking Lives,5,$3.37
Kean Brehat,http://dummyimage.com/156x178.jpg/cc0000/ffffff,False Trail (Jägarna 2),5,$8.75
Brook Sherrington,http://dummyimage.com/130x237.png/5fa2dd/ffffff,Pot O' Gold,5,$13.01
Jessi Macer,http://dummyimage.com/155x101.jpg/5fa2dd/ffffff,Delirious,4,$17.92
Antonin Kellard,http://dummyimage.com/175x128.bmp/cc0000/ffffff,Burn Notice: The Fall of Sam Axe,4,$12.33
Brigit Giacopelo,http://dummyimage.com/209x136.jpg/5fa2dd/ffffff,"Dream Catcher, The",1,$15.44
Desirae McAnellye,http://dummyimage.com/155x157.bmp/5fa2dd/ffffff,Appointment in Tokyo,3,$0.16
Clea Whitelaw,http://dummyimage.com/112x171.jpg/cc0000/ffffff,Night of the Lepus,4,$1.84
Tait Takis,http://dummyimage.com/136x128.png/5fa2dd/ffffff,Silkwood,2,$1.86
Alexandro Maplesden,http://dummyimage.com/188x119.jpg/ff4444/ffffff,Conceiving Ada,3,$16.39
Lannie Velde,http://dummyimage.com/156x208.jpg/cc0000/ffffff,Wind Across the Everglades,3,$4.79
Hunfredo Roofe,http://dummyimage.com/171x230.jpg/ff4444/ffffff,Voyage to the Prehistoric Planet,3,$7.56
Arly Brackstone,http://dummyimage.com/165x164.png/5fa2dd/ffffff,White Lightning,3,$17.53
Marylee Kochel,http://dummyimage.com/157x100.jpg/ff4444/ffffff,Signs,2,$2.72
Godart Skates,http://dummyimage.com/229x151.bmp/5fa2dd/ffffff,Street Mobster (a.k.a. Modern Yakuza: Outlaw Killer) (Gendai yakuza: hito-kiri yota),3,$15.87
Othilie Scedall,http://dummyimage.com/167x249.jpg/ff4444/ffffff,Sebastian Maniscalco: What's Wrong with People?,3,$6.91
Miran Thackston,http://dummyimage.com/114x180.png/ff4444/ffffff,"Godless Girl, The",3,$5.15
Reggy Lemery,http://dummyimage.com/169x244.png/5fa2dd/ffffff,Brothers on the Line,4,$18.58
Antoinette Rapier,http://dummyimage.com/107x104.png/ff4444/ffffff,Harry Potter and the Order of the Phoenix,4,$7.95
Fredek Meadway,http://dummyimage.com/222x243.jpg/cc0000/ffffff,30 Days of Night,1,$19.83
Jocelyne Gatenby,http://dummyimage.com/237x241.bmp/dddddd/000000,To the Limit (Am Limit),1,$12.46
Gabbie Dawson,http://dummyimage.com/106x172.bmp/cc0000/ffffff,Casablanca Express,4,$12.23
Darnall Fasey,http://dummyimage.com/115x184.bmp/ff4444/ffffff,Repentance,4,$17.66
Berri Wildash,http://dummyimage.com/196x237.bmp/5fa2dd/ffffff,Trancers II,5,$3.98
Isabeau Bosdet,http://dummyimage.com/115x234.png/dddddd/000000,"Friend of Mine, A (Ein Freund von mir)",3,$17.14
Rozella Huffey,http://dummyimage.com/117x134.bmp/dddddd/000000,Barry Lyndon,3,$8.90
Lindon Treppas,http://dummyimage.com/220x228.jpg/ff4444/ffffff,"Business of Fancydancing, The",4,$5.15
Rubie Clarage,http://dummyimage.com/173x201.bmp/ff4444/ffffff,"Ledge, The",5,$6.78
Doti Beacham,http://dummyimage.com/193x110.png/5fa2dd/ffffff,"Sorrow and the Pity, The (Le chagrin et la pitié)",4,$8.33
Eleanora Wastell,http://dummyimage.com/209x136.bmp/cc0000/ffffff,Moving the Mountain,2,$10.72
Loutitia Gower,http://dummyimage.com/244x233.jpg/dddddd/000000,"Double Hour, The (La doppia ora)",1,$10.87
Ave Malletratt,http://dummyimage.com/169x231.jpg/5fa2dd/ffffff,Sol ,5,$13.33
Avery Heavy,http://dummyimage.com/133x128.jpg/dddddd/000000,Missing in Action,2,$9.62
Arvin O'Glessane,http://dummyimage.com/183x189.bmp/5fa2dd/ffffff,Barefoot,2,$16.56
Dwight Douglas,http://dummyimage.com/183x167.jpg/dddddd/000000,Rebound,4,$12.30
Lynna Hayto,http://dummyimage.com/192x176.jpg/dddddd/000000,Small Apartments,5,$4.70
Elsie Housen,http://dummyimage.com/106x223.jpg/5fa2dd/ffffff,The Slap,4,$3.96
Willey Simmonds,http://dummyimage.com/233x111.jpg/cc0000/ffffff,Alatriste,4,$16.26
Victoir Soaper,http://dummyimage.com/193x111.png/cc0000/ffffff,Meteor,2,$7.94
Jessa Crockley,http://dummyimage.com/162x187.bmp/dddddd/000000,"Mad Masters, The (Les maîtres fous)",5,$12.77
Reginald Sudddard,http://dummyimage.com/147x103.png/dddddd/000000,Norm MacDonald: Me Doing Standup,1,$19.56
Jarib Grigs,http://dummyimage.com/238x178.bmp/ff4444/ffffff,Heaven's Burning,3,$15.73
Maribelle Crain,http://dummyimage.com/169x176.jpg/ff4444/ffffff,Australian Atomic Confessions,1,$3.11
Goober Corse,http://dummyimage.com/211x103.png/cc0000/ffffff,Our Blushing Brides,3,$14.78
Even Scotson,http://dummyimage.com/109x139.bmp/cc0000/ffffff,Delusion,3,$7.75
Emyle Desesquelle,http://dummyimage.com/171x238.png/dddddd/000000,Baadasssss! (How to Get the Man's Foot Outta Your Ass),2,$18.93
Kylie Beedham,http://dummyimage.com/216x153.bmp/dddddd/000000,"Protector, The",4,$10.27
Corty Cobbing,http://dummyimage.com/128x101.jpg/cc0000/ffffff,"World According to Garp, The",4,$7.02
Fitz Janovsky,http://dummyimage.com/192x106.png/ff4444/ffffff,"Hunchback of Notre Dame, The (Notre Dame de Paris)",3,$4.48
Dar Mellonby,http://dummyimage.com/214x121.png/cc0000/ffffff,Beautiful Girls,1,$13.22
Felicia Baine,http://dummyimage.com/118x110.bmp/dddddd/000000,"Boy Friend, The",4,$14.04
Albina Kettlestring,http://dummyimage.com/213x198.png/ff4444/ffffff,Class,3,$6.23
Kelly Gable,http://dummyimage.com/113x167.jpg/cc0000/ffffff,Belle,1,$17.05
Bronny McParlin,http://dummyimage.com/241x108.png/ff4444/ffffff,Pay or Die,2,$11.70
Wells Threlkeld,http://dummyimage.com/137x238.png/5fa2dd/ffffff,Fast Times at Ridgemont High,4,$17.61
Maryjo Ingamells,http://dummyimage.com/219x206.bmp/cc0000/ffffff,"Cow, The (Gaav)",4,$0.21
Lindsay Bilbery,http://dummyimage.com/171x235.png/ff4444/ffffff,Old Boy,3,$14.74
Boyce Olland,http://dummyimage.com/186x248.jpg/cc0000/ffffff,"Bourne Identity, The",3,$7.99
Christal Glauber,http://dummyimage.com/197x249.png/cc0000/ffffff,Forest of Bliss,3,$14.93
Adora Maasz,http://dummyimage.com/150x170.png/dddddd/000000,Red Riding: 1980,2,$6.20
Robbi Coke,http://dummyimage.com/204x107.jpg/5fa2dd/ffffff,Murder on Flight 502,5,$9.68
Kai Alexsandrev,http://dummyimage.com/174x107.png/5fa2dd/ffffff,"United States of Leland, The",3,$9.17
Lira Ashlin,http://dummyimage.com/240x133.bmp/dddddd/000000,Mrs. Parkington,4,$10.38
Phillis Gillian,http://dummyimage.com/115x218.png/5fa2dd/ffffff,Out California Way,5,$18.82
Aurelie Saul,http://dummyimage.com/117x150.jpg/ff4444/ffffff,"They Shoot Horses, Don't They?",5,$7.10
Jordan Beadnall,http://dummyimage.com/134x244.png/cc0000/ffffff,"Escape Artist, The",2,$10.31
Corny Whithalgh,http://dummyimage.com/124x170.jpg/5fa2dd/ffffff,Student of the Year,2,$0.51
Oren Blader,http://dummyimage.com/232x125.jpg/ff4444/ffffff,Kings of Recycling (Kierrätyksen kuninkaat),5,$4.53
Ninetta Gwynne,http://dummyimage.com/220x242.bmp/5fa2dd/ffffff,"Nosferatu (Nosferatu, eine Symphonie des Grauens)",5,$8.63
Ulrika Amyes,http://dummyimage.com/131x113.jpg/ff4444/ffffff,Barbarosa,1,$15.52
Guntar Insull,http://dummyimage.com/150x135.bmp/5fa2dd/ffffff,"As Above, So Below",2,$5.30
Duke Bendell,http://dummyimage.com/209x103.png/cc0000/ffffff,Iron Man: Rise Of Technovore,1,$11.11
Donella O'Fielly,http://dummyimage.com/202x160.jpg/dddddd/000000,"See No Evil, Hear No Evil",1,$0.87
Jimmie Joseff,http://dummyimage.com/201x185.png/5fa2dd/ffffff,New York Confidential,4,$6.19
Osbourn Coite,http://dummyimage.com/225x235.bmp/5fa2dd/ffffff,"Sex, Lies, and Videotape",2,$4.65
Jacquetta Maguire,http://dummyimage.com/224x101.jpg/dddddd/000000,35 and Ticking,2,$13.70
Nanon Ineson,http://dummyimage.com/179x234.jpg/cc0000/ffffff,30 Days of Night: Dark Days,5,$16.31
Shadow Moxon,http://dummyimage.com/142x242.jpg/dddddd/000000,Queen of the Damned,1,$0.49
Burnard Thursby,http://dummyimage.com/127x106.bmp/dddddd/000000,Lucky You,1,$8.33
Rudolph Gayden,http://dummyimage.com/170x138.jpg/5fa2dd/ffffff,Demons (Dèmoni),3,$8.30
Emmi Cosin,http://dummyimage.com/206x126.bmp/dddddd/000000,"Boy Called Hate, A",2,$8.48
Abra Quigley,http://dummyimage.com/112x149.jpg/dddddd/000000,There's No Business Like Show Business,5,$5.63
Amabel Bucky,http://dummyimage.com/152x204.jpg/dddddd/000000,Vengo,2,$14.28
Fairfax Bussell,http://dummyimage.com/141x153.png/dddddd/000000,Out to Sea,5,$13.10
Scott Belchem,http://dummyimage.com/158x242.bmp/dddddd/000000,Prometheus,1,$3.70
Andris Cluney,http://dummyimage.com/235x173.bmp/cc0000/ffffff,From B Movie to Cult Film: Western,1,$9.77
Harlan Wealleans,http://dummyimage.com/218x200.bmp/cc0000/ffffff,May 6th (06/05),2,$18.77
Neils Lermit,http://dummyimage.com/219x127.png/ff4444/ffffff,"Woman on the Beach, The",3,$5.32
Katrina Riediger,http://dummyimage.com/109x165.png/5fa2dd/ffffff,"Walking Dead, The",5,$2.36
Mycah Redhead,http://dummyimage.com/184x145.bmp/cc0000/ffffff,"Standing Aside, Watching",3,$2.66
Noland Oates,http://dummyimage.com/237x103.jpg/cc0000/ffffff,Now Is Good,5,$12.79
Toinette Frarey,http://dummyimage.com/237x202.jpg/5fa2dd/ffffff,Bank Error in Your Favour (Erreur de la banque en votre faveur),5,$10.58
Rodolphe Kimbley,http://dummyimage.com/138x224.jpg/cc0000/ffffff,"Big Combo, The",1,$8.32
Skipper Nevinson,http://dummyimage.com/174x147.jpg/cc0000/ffffff,"General's Daughter, The",2,$6.98
Cheslie Bellfield,http://dummyimage.com/241x216.bmp/dddddd/000000,Bilitis,2,$9.41
Reamonn Greenin,http://dummyimage.com/200x121.jpg/ff4444/ffffff,Seeking Justice,2,$2.11
Dannie Pringell,http://dummyimage.com/212x247.png/5fa2dd/ffffff,"Captive, The",2,$15.50
Griff Mc Coughan,http://dummyimage.com/189x102.png/dddddd/000000,xXx: State of the Union,2,$3.44
Julietta Shapera,http://dummyimage.com/149x205.bmp/ff4444/ffffff,Molière,3,$9.66
Karoly Zamora,http://dummyimage.com/143x211.bmp/ff4444/ffffff,"World Without Thieves, A (Tian xia wu zei)",3,$4.15
Farlay Scotsbrook,http://dummyimage.com/157x156.jpg/5fa2dd/ffffff,Manon of the Spring,1,$19.24
Devlen Basire,http://dummyimage.com/168x250.bmp/dddddd/000000,Colt Comrades,4,$12.15
Raddy Pestell,http://dummyimage.com/246x218.png/cc0000/ffffff,Purely Belter,4,$13.68
Silvia Doige,http://dummyimage.com/117x155.jpg/cc0000/ffffff,Full Body Massage,5,$19.98
Berti Abbay,http://dummyimage.com/132x248.png/5fa2dd/ffffff,Desire Under the Elms,2,$6.91
Regina Sheivels,http://dummyimage.com/193x118.jpg/dddddd/000000,"Singing Marine, The",2,$1.98
Hyacinthe Saville,http://dummyimage.com/122x210.png/5fa2dd/ffffff,Chains (Catene),4,$2.23
Birch Hanselmann,http://dummyimage.com/139x175.png/ff4444/ffffff,"Sky Crawlers, The (Sukai kurora)",5,$9.35
Jacynth Blackden,http://dummyimage.com/138x244.jpg/5fa2dd/ffffff,Berserk: The Golden Age Arc 3 - Descent,4,$5.06
Temp Ashtonhurst,http://dummyimage.com/237x140.png/cc0000/ffffff,"Pagemaster, The",2,$7.27
Mickey Luckin,http://dummyimage.com/206x116.bmp/dddddd/000000,Horror Express,2,$18.33
Neely Evequot,http://dummyimage.com/181x217.bmp/5fa2dd/ffffff,Pretty Sweet,2,$17.60
Christoper Awmack,http://dummyimage.com/219x112.jpg/dddddd/000000,"Man from Earth, The",2,$10.43
Rosene Megainey,http://dummyimage.com/103x173.png/ff4444/ffffff,Wild China,2,$8.70
Jared Dulinty,http://dummyimage.com/211x150.jpg/cc0000/ffffff,4.3.2.1,1,$5.72
Arlene Bromage,http://dummyimage.com/218x187.jpg/ff4444/ffffff,April's Shower,3,$1.71
Ivan Timmons,http://dummyimage.com/186x220.png/cc0000/ffffff,Black Eagle,3,$19.27
Tiphany Allenson,http://dummyimage.com/245x153.bmp/dddddd/000000,Czech Dream (Ceský sen),4,$17.64
Lilith McLarty,http://dummyimage.com/174x134.jpg/5fa2dd/ffffff,Observe and Report,1,$16.17
Sorcha Beecroft,http://dummyimage.com/181x145.jpg/ff4444/ffffff,"Substance of Fire, The",3,$7.41
Melessa Tabourel,http://dummyimage.com/115x248.png/5fa2dd/ffffff,Free Radicals (Böse Zellen),3,$12.95
Daffy Hadleigh,http://dummyimage.com/129x153.png/5fa2dd/ffffff,Death Sentence,4,$16.53
Porty Brobyn,http://dummyimage.com/243x213.bmp/5fa2dd/ffffff,"Blue Lagoon, The",1,$10.64
Keslie Bashford,http://dummyimage.com/174x245.bmp/dddddd/000000,Sex Ed,4,$17.53
Nataniel Duckham,http://dummyimage.com/210x191.jpg/dddddd/000000,"Razor's Edge, The",3,$14.06
Tedd Uppett,http://dummyimage.com/242x127.png/dddddd/000000,Harper Valley P.T.A.,1,$15.95
Robert Sanham,http://dummyimage.com/226x230.bmp/cc0000/ffffff,North Star (a.k.a. Tashunga),5,$2.12
Clarissa Twinborough,http://dummyimage.com/149x119.bmp/5fa2dd/ffffff,"Dog's Life, A",3,$4.58
Pattin Caro,http://dummyimage.com/130x177.bmp/5fa2dd/ffffff,Hanky Panky,5,$13.59
Heida Lilly,http://dummyimage.com/210x208.bmp/ff4444/ffffff,One Magic Christmas,1,$8.71
Fields Randales,http://dummyimage.com/204x137.png/cc0000/ffffff,Batman & Mr. Freeze: Subzero,1,$2.79
Derrik Corcut,http://dummyimage.com/218x193.bmp/ff4444/ffffff,Saps at Sea,2,$0.56
Emmeline Andri,http://dummyimage.com/187x124.bmp/5fa2dd/ffffff,None But the Lonely Heart,4,$10.60
Wendye Pointon,http://dummyimage.com/137x175.jpg/5fa2dd/ffffff,Spasmo,3,$0.27
Max Dragge,http://dummyimage.com/178x141.jpg/ff4444/ffffff,Zach Galifianakis: Live at the Purple Onion,5,$11.41
Peggy Yurevich,http://dummyimage.com/203x185.jpg/5fa2dd/ffffff,AVP: Alien vs. Predator,2,$13.46
Blaine Riste,http://dummyimage.com/146x135.bmp/5fa2dd/ffffff,One Step Ahead of My Shadow,1,$13.15
Joshuah Latus,http://dummyimage.com/240x225.jpg/cc0000/ffffff,Spring Subway,2,$2.93
Inness Maplethorp,http://dummyimage.com/244x115.bmp/ff4444/ffffff,Volunteers,3,$3.95
Gal Pougher,http://dummyimage.com/132x139.jpg/dddddd/000000,Dillinger and Capone,5,$3.90
Aleta Dottrell,http://dummyimage.com/163x212.jpg/5fa2dd/ffffff,Bullhead (Rundskop),5,$16.31
Vachel Le Marquis,http://dummyimage.com/127x108.jpg/cc0000/ffffff,Treasure Planet,2,$0.05
Maighdiln Gonnard,http://dummyimage.com/151x200.bmp/cc0000/ffffff,"Kids Are All Right, The",4,$11.25
Lucky Liversage,http://dummyimage.com/162x227.bmp/cc0000/ffffff,Jumanji,3,$10.05
Trace Kort,http://dummyimage.com/228x158.png/dddddd/000000,Phenomenon,5,$1.91
Shepherd Duckhouse,http://dummyimage.com/144x130.bmp/dddddd/000000,"Christmas Story 2, A",4,$15.86
Phillida Sealeaf,http://dummyimage.com/135x233.jpg/ff4444/ffffff,Star Wars Uncut: Director's Cut,1,$13.42
Ric Michell,http://dummyimage.com/190x234.jpg/ff4444/ffffff,Late Bloomers,1,$14.40
Samara Islip,http://dummyimage.com/236x217.jpg/5fa2dd/ffffff,Bal (Honey),3,$14.04
Robby Schrinel,http://dummyimage.com/100x176.png/dddddd/000000,"New Wave, A",4,$5.72
Jarid Lints,http://dummyimage.com/164x143.bmp/dddddd/000000,Ditirambo,5,$5.76
Bern Bryson,http://dummyimage.com/203x134.bmp/ff4444/ffffff,7 Plus Seven,3,$8.22
Conni Dougal,http://dummyimage.com/107x137.png/ff4444/ffffff,West of Memphis,5,$4.88
Jourdan Halt,http://dummyimage.com/160x170.jpg/dddddd/000000,About Schmidt,1,$6.22
Dmitri Mandel,http://dummyimage.com/120x247.png/5fa2dd/ffffff,Zenith,4,$1.33
Christoph Leynham,http://dummyimage.com/113x213.jpg/ff4444/ffffff,Get Thrashed: The Story of Thrash Metal,4,$3.94
Freddie Neasam,http://dummyimage.com/144x165.bmp/ff4444/ffffff,Yellowbeard,1,$4.90
Obadiah Joder,http://dummyimage.com/173x148.bmp/dddddd/000000,"Walk in the Clouds, A",5,$19.58
Paulita Sylett,http://dummyimage.com/238x236.jpg/dddddd/000000,Nevada Smith,2,$6.89
Bobbie Arson,http://dummyimage.com/195x180.png/ff4444/ffffff,Hell Is Sold Out,4,$19.92
Trixie Carhart,http://dummyimage.com/221x133.bmp/cc0000/ffffff,"Last House on the Left, The",1,$5.12
Anissa Petlyura,http://dummyimage.com/247x144.png/cc0000/ffffff,"Outlaw and His Wife, The (a.k.a. You and I) (Berg-Ejvind och hans hustru)",1,$3.75
Con Merrilees,http://dummyimage.com/125x103.jpg/dddddd/000000,"Judgement in Stone, A (Cérémonie, La)",4,$1.72
Honoria Denning,http://dummyimage.com/159x245.jpg/cc0000/ffffff,Louis C.K.: Live at The Comedy Store,1,$1.00
Hulda Kabos,http://dummyimage.com/174x106.png/cc0000/ffffff,"Whole Ten Yards, The",2,$0.46
Caesar Revening,http://dummyimage.com/105x190.png/dddddd/000000,"Girl Next Door, The",5,$3.79
Bonnie Duckett,http://dummyimage.com/207x201.jpg/dddddd/000000,Bride of the Wind,3,$3.41
Pembroke Carvill,http://dummyimage.com/115x166.bmp/dddddd/000000,Parental Guidance,5,$17.35
Kassandra Neenan,http://dummyimage.com/224x136.png/cc0000/ffffff,Contagion / Bio Slime,4,$17.87
Othello Mackinder,http://dummyimage.com/169x144.jpg/ff4444/ffffff,Sex Drive,1,$14.04
Beryl Jessep,http://dummyimage.com/182x221.png/dddddd/000000,"Men, Women & Children",4,$2.00
Pollyanna Antonazzi,http://dummyimage.com/188x155.png/cc0000/ffffff,Desperate Journey,1,$0.66
Deva Hazeldene,http://dummyimage.com/101x196.bmp/cc0000/ffffff,Zazie dans le métro,4,$7.88
Cecilla Siggers,http://dummyimage.com/207x243.png/cc0000/ffffff,Angela,4,$16.01
Elene Barwell,http://dummyimage.com/128x212.png/5fa2dd/ffffff,Von Richthofen and Brown,3,$13.23
Amii Arsnell,http://dummyimage.com/221x189.bmp/cc0000/ffffff,"Guru, The",2,$3.24
Virgilio Avis,http://dummyimage.com/115x148.bmp/ff4444/ffffff,Two-Way Stretch,5,$12.53
Matthieu Alsop,http://dummyimage.com/240x198.png/5fa2dd/ffffff,Sound City,1,$7.08
Nettle Findlow,http://dummyimage.com/155x134.png/5fa2dd/ffffff,"Me, Myself & Irene",2,$6.48
Rosalinda Whitter,http://dummyimage.com/173x155.png/ff4444/ffffff,"Slingshot, The (Kådisbellan)",1,$4.92
Hew Tregoning,http://dummyimage.com/194x132.png/5fa2dd/ffffff,Hue and Cry,4,$6.63
Giffard Arrigo,http://dummyimage.com/109x122.jpg/dddddd/000000,Words and Pictures,1,$9.40
Jimmy Wandrey,http://dummyimage.com/201x216.bmp/ff4444/ffffff,Personal Property,1,$8.15
Colver Pryer,http://dummyimage.com/186x240.jpg/cc0000/ffffff,Like It Is,4,$19.40
Prudi Pinchin,http://dummyimage.com/177x129.png/dddddd/000000,"Devil's Carnival, The",5,$10.78
Christen Clabburn,http://dummyimage.com/176x227.jpg/dddddd/000000,Seyyit Khan: Bride of the Earth (Seyyit Han),4,$0.22
Humphrey Dunhill,http://dummyimage.com/250x142.png/5fa2dd/ffffff,"Match King, The",2,$16.65
Rogers Mingaud,http://dummyimage.com/194x236.png/dddddd/000000,Stick It,1,$14.35
Abbie Jamison,http://dummyimage.com/164x189.jpg/dddddd/000000,"Road to Ruin, The",1,$10.91
Edward Betancourt,http://dummyimage.com/228x235.bmp/cc0000/ffffff,"Rewrite, The",5,$7.11
Leyla Gercke,http://dummyimage.com/181x123.bmp/ff4444/ffffff,Wilbur Wants to Kill Himself,1,$7.59
Eveleen Jacquemy,http://dummyimage.com/243x113.jpg/cc0000/ffffff,"Wild Angels, The",3,$9.87
Hirsch Levermore,http://dummyimage.com/170x126.jpg/cc0000/ffffff,Mrs. Winterbourne,3,$0.67
Goldi Rizzone,http://dummyimage.com/106x239.bmp/ff4444/ffffff,Short Circuit 2,3,$1.89
Consuelo Look,http://dummyimage.com/210x226.png/5fa2dd/ffffff,Shaka Zulu: The Citadel,1,$13.41
Dallon Butte,http://dummyimage.com/209x216.bmp/dddddd/000000,Pontypool,5,$10.76
Art Messager,http://dummyimage.com/161x225.jpg/ff4444/ffffff,"Man on the Train (Homme du train, L')",5,$15.64
Page Sainz,http://dummyimage.com/206x201.png/ff4444/ffffff,Face,3,$4.67
Jaimie Backen,http://dummyimage.com/194x227.jpg/ff4444/ffffff,Bloody Murder,5,$19.46
Martita Prangnell,http://dummyimage.com/185x205.bmp/5fa2dd/ffffff,"Wind Will Carry Us, The (Bad ma ra khahad bord)",3,$4.16
Riva Hammerstone,http://dummyimage.com/172x226.bmp/cc0000/ffffff,Fresh Guacamole,2,$9.89
Giovanni Wastell,http://dummyimage.com/207x179.png/5fa2dd/ffffff,"Rocketeer, The",2,$0.10
Broddy Habergham,http://dummyimage.com/128x186.png/cc0000/ffffff,"Hitcher, The",5,$17.54
Claretta Stronough,http://dummyimage.com/146x218.bmp/5fa2dd/ffffff,"Disappearance of Eleanor Rigby: Them, The",3,$12.18
Arlena Krysztofowicz,http://dummyimage.com/162x160.bmp/ff4444/ffffff,3rd World Hero (Bayaning Third World),1,$19.58
Flynn O' Flaherty,http://dummyimage.com/222x215.bmp/cc0000/ffffff,Collision Earth,5,$14.76
Fonzie Oxenham,http://dummyimage.com/176x229.bmp/cc0000/ffffff,Barfly,1,$16.42
Tait Collicott,http://dummyimage.com/109x119.jpg/5fa2dd/ffffff,Gorillas in the Mist,3,$1.47
Fabio Schwartz,http://dummyimage.com/194x105.jpg/cc0000/ffffff,Gertie the Dinosaur,4,$5.30
Meghann Sayers,http://dummyimage.com/112x186.png/5fa2dd/ffffff,Red 2,4,$5.36
Hendrik Rigglesford,http://dummyimage.com/241x147.png/dddddd/000000,Madame Sousatzka,2,$9.30
Belle Butters,http://dummyimage.com/135x207.bmp/dddddd/000000,I Love You Again,1,$19.22
Gladi Rastrick,http://dummyimage.com/206x139.jpg/5fa2dd/ffffff,Hick,4,$7.79
Rikki Sansbury,http://dummyimage.com/100x128.jpg/5fa2dd/ffffff,"After Dark, My Sweet",1,$5.47
Dodi Posnette,http://dummyimage.com/104x144.jpg/cc0000/ffffff,Invisible Target (Naam yi boon sik),2,$1.68
Willyt Shales,http://dummyimage.com/103x116.jpg/5fa2dd/ffffff,Prison of the Dead,4,$19.33
Farrah Tulley,http://dummyimage.com/195x188.bmp/5fa2dd/ffffff,"Great Stone Face, The",1,$16.54
My Rowles,http://dummyimage.com/236x128.png/cc0000/ffffff,Josephine,1,$1.04
Hermy Maroney,http://dummyimage.com/177x217.png/dddddd/000000,Antichrist,3,$10.10
Dolores Tefft,http://dummyimage.com/245x105.bmp/dddddd/000000,All About Actresses (Le bal des actrices),3,$9.72
Sterling Lafont,http://dummyimage.com/200x202.jpg/dddddd/000000,"Raisin in the Sun, A",3,$11.19
Arne Altamirano,http://dummyimage.com/225x117.bmp/5fa2dd/ffffff,"Don't Worry, I'm Fine (Je vais bien, ne t'en fais pas)",2,$14.56
Kaine Iveagh,http://dummyimage.com/117x145.bmp/ff4444/ffffff,Sut (Milk),3,$17.56
Layla Matzel,http://dummyimage.com/136x224.png/ff4444/ffffff,Another Me,1,$15.44
Essy Skeermer,http://dummyimage.com/155x124.jpg/5fa2dd/ffffff,"Harvey Girls, The",4,$10.92
Jackie Rodder,http://dummyimage.com/215x161.bmp/cc0000/ffffff,"Angry Red Planet, The",1,$4.75
Mikel McGill,http://dummyimage.com/199x183.png/ff4444/ffffff,Ricky Gervais Live 3: Fame,3,$3.02
Herby Finci,http://dummyimage.com/190x246.jpg/cc0000/ffffff,Household Saints,4,$5.95
Dory Scay,http://dummyimage.com/177x233.jpg/ff4444/ffffff,Letters from Iwo Jima,5,$3.57
Leif Mcsarry,http://dummyimage.com/203x248.bmp/dddddd/000000,Jesus Camp,1,$9.64
Twyla Dominiak,http://dummyimage.com/105x180.bmp/ff4444/ffffff,Cinderella III: A Twist in Time,2,$4.44
Sterling Suttle,http://dummyimage.com/158x127.jpg/cc0000/ffffff,Slap Shot 2: Breaking the Ice,4,$19.49
Shaughn Campa,http://dummyimage.com/211x183.png/cc0000/ffffff,No Holds Barred,3,$13.01
Moyra Silkston,http://dummyimage.com/192x143.bmp/5fa2dd/ffffff,Fubar,4,$2.36
Berty Witherdon,http://dummyimage.com/248x152.bmp/cc0000/ffffff,Vermont Is For Lovers,1,$16.10
Francois Hutfield,http://dummyimage.com/213x236.bmp/dddddd/000000,Deathwatch,5,$13.33
Sauncho Cromblehome,http://dummyimage.com/189x232.png/dddddd/000000,Unzipped,5,$9.65
Gerda Punter,http://dummyimage.com/178x235.png/5fa2dd/ffffff,Irma la Douce,1,$1.28
Cyrill Morena,http://dummyimage.com/133x112.jpg/dddddd/000000,Cradle 2 the Grave,1,$5.85
Leeanne Croyden,http://dummyimage.com/110x162.bmp/ff4444/ffffff,Hellion,4,$4.59
Margalit Roz,http://dummyimage.com/235x146.jpg/cc0000/ffffff,Mayerling,1,$6.57
Tome De Andisie,http://dummyimage.com/150x246.bmp/ff4444/ffffff,Command Decision,3,$16.94
Harrie Burbage,http://dummyimage.com/192x226.png/cc0000/ffffff,Metalhead (Málmhaus),5,$16.81
Clerissa Carling,http://dummyimage.com/189x163.bmp/ff4444/ffffff,Chocolate,4,$15.76
Webster Ottee,http://dummyimage.com/180x189.jpg/ff4444/ffffff,Dinner Rush,2,$19.44
Abagail Storms,http://dummyimage.com/204x110.bmp/dddddd/000000,Horror Planet (a.k.a. Inseminoid),5,$17.17
Garrik Founds,http://dummyimage.com/105x132.bmp/5fa2dd/ffffff,One Good Cop,1,$15.97
Lucinda Pover,http://dummyimage.com/131x136.jpg/5fa2dd/ffffff,Dangerous Game,5,$17.07
Goldarina Wogdon,http://dummyimage.com/246x139.png/ff4444/ffffff,Burning Blue,4,$14.42
Shena Storkes,http://dummyimage.com/227x119.png/ff4444/ffffff,Black Pond,2,$14.77
Norine Ferrai,http://dummyimage.com/106x177.jpg/dddddd/000000,After Sex,2,$14.46
Adam Sykes,http://dummyimage.com/218x225.bmp/dddddd/000000,"Road to Ruin, The",5,$7.03
Delano Mitchener,http://dummyimage.com/171x222.bmp/ff4444/ffffff,S.O.B.,4,$11.88
Kacey Gauche,http://dummyimage.com/177x174.jpg/5fa2dd/ffffff,Jim Jefferies: BARE,3,$18.68
Melisent Jerram,http://dummyimage.com/238x225.jpg/5fa2dd/ffffff,Necessary Roughness,2,$8.53
Jacky Colvill,http://dummyimage.com/153x158.png/dddddd/000000,Theatre of Blood,5,$3.18
Auroora Pawelek,http://dummyimage.com/174x155.jpg/cc0000/ffffff,Everybody Dies But Me,5,$14.62
Gard Stark,http://dummyimage.com/142x123.png/ff4444/ffffff,"Road to Wellville, The",2,$16.51
Marleah Deeks,http://dummyimage.com/130x168.bmp/ff4444/ffffff,"Autumn Afternoon, An (Sanma no aji)",1,$4.91
Saree Duligall,http://dummyimage.com/137x221.jpg/ff4444/ffffff,Tormento,3,$3.11
Charis Henricsson,http://dummyimage.com/197x165.bmp/5fa2dd/ffffff,"Purple Ball, The (Lilovyy shar)",5,$13.99
Hunter Caghy,http://dummyimage.com/128x176.png/dddddd/000000,Bill Bailey: Qualmpeddler,5,$0.92
Johanna Greenan,http://dummyimage.com/152x200.png/cc0000/ffffff,"Great Sinner, The",4,$10.45
Koralle Josselson,http://dummyimage.com/245x190.png/cc0000/ffffff,Play Girl,4,$9.36
Melonie Van der Velde,http://dummyimage.com/162x122.jpg/cc0000/ffffff,Rembrandt,3,$11.37
Vicki Lorking,http://dummyimage.com/178x198.png/cc0000/ffffff,Ask the Dust,4,$8.08
Hoyt Dakin,http://dummyimage.com/245x214.jpg/dddddd/000000,Shakedown,2,$3.03
Hobard Colling,http://dummyimage.com/166x118.bmp/dddddd/000000,Zona Zamfirova,1,$20.00
Sally Tomankiewicz,http://dummyimage.com/154x233.jpg/ff4444/ffffff,"Runner, The (Davandeh)",4,$18.63
Nonnah McPartlin,http://dummyimage.com/249x149.bmp/5fa2dd/ffffff,Total Recall,2,$16.20
Jordana Domleo,http://dummyimage.com/123x156.bmp/ff4444/ffffff,Legend of the Fist: The Return of Chen Zhen (Jing wu feng yun: Chen Zhen),4,$7.29
Boy Sunman,http://dummyimage.com/117x242.png/ff4444/ffffff,Bloodline,3,$8.18
Darin Duchant,http://dummyimage.com/229x179.jpg/5fa2dd/ffffff,Perfume: The Story of a Murderer,4,$9.89
Karly La Vigne,http://dummyimage.com/199x137.jpg/dddddd/000000,Edmond,3,$16.21
Conny Ebbs,http://dummyimage.com/152x240.jpg/dddddd/000000,All About Actresses (Le bal des actrices),1,$3.50
Ingar McGlashan,http://dummyimage.com/221x189.png/cc0000/ffffff,"Confucian Confusion, A (Du li shi dai)",1,$7.74
Georgianne Newall,http://dummyimage.com/118x103.jpg/5fa2dd/ffffff,"Rutles: All You Need Is Cash, The",3,$0.87
Gonzales Eseler,http://dummyimage.com/132x242.jpg/dddddd/000000,Intolerance: Love's Struggle Throughout the Ages,5,$18.47
Aline Barbara,http://dummyimage.com/109x223.png/ff4444/ffffff,Q: The Winged Serpent,4,$1.72
Pacorro Heinsh,http://dummyimage.com/147x105.jpg/5fa2dd/ffffff,Bronson,1,$8.68
Nanice McComiskie,http://dummyimage.com/124x138.bmp/cc0000/ffffff,"Ah, Wilderness!",4,$12.69
Tiffie Schroeder,http://dummyimage.com/125x222.jpg/5fa2dd/ffffff,Kaboom,1,$9.08
Jesse Stannus,http://dummyimage.com/199x147.jpg/dddddd/000000,9 1/2 Weeks (Nine 1/2 Weeks),4,$13.46
Lillian Cullingworth,http://dummyimage.com/110x150.bmp/dddddd/000000,Images of the World and the Inscription of War (Bilder der Welt und Inschrift des Krieges),1,$7.43
Horatius Persence,http://dummyimage.com/146x101.jpg/5fa2dd/ffffff,Beneath the Valley of the Ultra-Vixens,4,$15.76
Shelba Barrack,http://dummyimage.com/208x177.jpg/5fa2dd/ffffff,Never Take Candy from a Stranger (Never Take Sweets from a Stranger),2,$12.03
Andriette Ellit,http://dummyimage.com/143x126.jpg/ff4444/ffffff,Reclaim Your Brain (Free Rainer),1,$4.92
Angy Bernasek,http://dummyimage.com/116x230.bmp/5fa2dd/ffffff,Ragamuffin,2,$1.53
Bronny Franssen,http://dummyimage.com/127x188.bmp/dddddd/000000,Shadows and Fog,5,$5.04
Juditha Houseman,http://dummyimage.com/115x220.png/5fa2dd/ffffff,Dinoshark,1,$11.37
Antonina Treadgold,http://dummyimage.com/247x123.jpg/cc0000/ffffff,Exodus (Cheut ai kup gei),5,$5.78
Colver Scotting,http://dummyimage.com/180x151.jpg/ff4444/ffffff,Highway to Hell,4,$3.94
Collie Bresnen,http://dummyimage.com/232x220.jpg/ff4444/ffffff,"Making of a Legend: Gone with the Wind, The",5,$5.64
Hobart Rockhill,http://dummyimage.com/157x159.png/5fa2dd/ffffff,"Lucky Ones, The",5,$14.84
Rudiger Youde,http://dummyimage.com/138x152.jpg/5fa2dd/ffffff,Celine and Julie Go Boating (Celine et Julie vont en bateau),2,$10.15
Nanette Van Vuuren,http://dummyimage.com/170x130.jpg/cc0000/ffffff,Shanghai,2,$12.50
Hamilton Rosenberger,http://dummyimage.com/184x250.bmp/dddddd/000000,Alex and Emma,1,$16.66
Dyanne Degoix,http://dummyimage.com/181x192.png/cc0000/ffffff,"Guru, The",2,$13.83
Brande Dabels,http://dummyimage.com/248x182.bmp/5fa2dd/ffffff,Dry Summer (Susuz yaz) (Reflections),3,$3.72
Arabella Pepin,http://dummyimage.com/235x204.png/5fa2dd/ffffff,Faces of Death,1,$19.69
Lenette Gawkes,http://dummyimage.com/147x170.bmp/cc0000/ffffff,Pussy Riot: A Punk Prayer,1,$8.03
Goldina Manolov,http://dummyimage.com/144x179.bmp/cc0000/ffffff,Angels Sing,5,$14.85
Mommy Clift,http://dummyimage.com/224x150.bmp/ff4444/ffffff,Bad Men of Missouri,3,$12.39
Kelly Varlow,http://dummyimage.com/148x148.jpg/dddddd/000000,At Any Price,3,$9.02
Vilma McCrea,http://dummyimage.com/244x156.bmp/cc0000/ffffff,Slackers,1,$16.06
Cullan Daouse,http://dummyimage.com/219x171.png/5fa2dd/ffffff,Dark Tide,2,$10.17
Arlina Vaskov,http://dummyimage.com/204x238.jpg/5fa2dd/ffffff,"Strange Door, The",4,$3.50
Bev Trippitt,http://dummyimage.com/163x188.bmp/ff4444/ffffff,Jarhead 2: Field of Fire,3,$12.45
Genovera Hutchinges,http://dummyimage.com/141x248.png/cc0000/ffffff,Bitter Sweet,2,$7.25
